Workbook

Sheet CSE-M
A1: RAGHU ENGINEERING COLLEGE (A)
A2: Department of CSE
A3: 2024 AB CSE-M (REC) II B.Tech I Semester Attendance as on 11.06.2.205 onwards
A4: S.No | B4: Regd. No | C4: Name of the student | D4: Total | E4: Percentage
A5: Total classes taken till today | D5: =IFERROR(__xludf.DUMMYFUNCTION("IMPORTRANGE(""https://docs.google.com/spreadsheets/d/1pcI0H5_o88uChaoz3Jx8Lo2Z71zohG9q1pYbJLiJRZI/edit?gid=1086065120#gid=1086065120"", address(row($Z5),column($Z5),,,""CSE-M""))"),423.0) -> 423 | E5: %
A6: 1 | B6: 24981A05PS | C6: AMBALLA JASWANTH | D6: =IFERROR(__xludf.DUMMYFUNCTION("IMPORTRANGE(""https://docs.google.com/spreadsheets/d/1pcI0H5_o88uChaoz3Jx8Lo2Z71zohG9q1pYbJLiJRZI/edit?gid=1086065120#gid=1086065120"", address(row($Z6),column($Z6),,,""CSE-M""))"),279.0) -> 279 | E6: =ROUND(D6/$D$5*100,0) -> 66
A7: 2 | B7: 24981A05PT | C7: ANNAM SURYA CHANDRA TRINADH | D7: =IFERROR(__xludf.DUMMYFUNCTION("IMPORTRANGE(""https://docs.google.com/spreadsheets/d/1pcI0H5_o88uChaoz3Jx8Lo2Z71zohG9q1pYbJLiJRZI/edit?gid=1086065120#gid=1086065120"", address(row($Z7),column($Z7),,,""CSE-M""))"),273.0) -> 273 | E7: =ROUND(D7/$D$5*100,0) -> 65
A8: 3 | B8: 24981A05PU | C8: AYIREDDI SURYA ANUGJNA | D8: =IFERROR(__xludf.DUMMYFUNCTION("IMPORTRANGE(""https://docs.google.com/spreadsheets/d/1pcI0H5_o88uChaoz3Jx8Lo2Z71zohG9q1pYbJLiJRZI/edit?gid=1086065120#gid=1086065120"", address(row($Z8),column($Z8),,,""CSE-M""))"),393.0) -> 393 | E8: =ROUND(D8/$D$5*100,0) -> 93
A9: 4 | B9: 24981A05PV | C9: BAKI DURGA RAO | D9: =IFERROR(__xludf.DUMMYFUNCTION("IMPORTRANGE(""https://docs.google.com/spreadsheets/d/1pcI0H5_o88uChaoz3Jx8Lo2Z71zohG9q1pYbJLiJRZI/edit?gid=1086065120#gid=1086065120"", address(row($Z9),column($Z9),,,""CSE-M""))"),234.0) -> 234 | E9: =ROUND(D9/$D$5*100,0) -> 55
A10: 5 | B10: 24981A05PW | C10: BASAVA YAGNA SEKHAR | D10: =IFERROR(__xludf.DUMMYFUNCTION("IMPORTRANGE(""https://docs.google.com/spreadsheets/d/1pcI0H5_o88uChaoz3Jx8Lo2Z71zohG9q1pYbJLiJRZI/edit?gid=1086065120#gid=1086065120"", address(row($Z10),column($Z10),,,""CSE-M""))"),358.0) -> 358 | E10: =ROUND(D10/$D$5*100,0) -> 85
A11: 6 | B11: 24981A05PX | C11: BAVIRISETTI SAI | D11: =IFERROR(__xludf.DUMMYFUNCTION("IMPORTRANGE(""https://docs.google.com/spreadsheets/d/1pcI0H5_o88uChaoz3Jx8Lo2Z71zohG9q1pYbJLiJRZI/edit?gid=1086065120#gid=1086065120"", address(row($Z11),column($Z11),,,""CSE-M""))"),247.0) -> 247 | E11: =ROUND(D11/$D$5*100,0) -> 58
A12: 7 | B12: 24981A05PY | C12: BELLANA SIDDU | D12: =IFERROR(__xludf.DUMMYFUNCTION("IMPORTRANGE(""https://docs.google.com/spreadsheets/d/1pcI0H5_o88uChaoz3Jx8Lo2Z71zohG9q1pYbJLiJRZI/edit?gid=1086065120#gid=1086065120"", address(row($Z12),column($Z12),,,""CSE-M""))"),256.0) -> 256 | E12: =ROUND(D12/$D$5*100,0) -> 61
A13: 8 | B13: 24981A05PZ | C13: BHEEMIREDDI RAMANAMMA | D13: =IFERROR(__xludf.DUMMYFUNCTION("IMPORTRANGE(""https://docs.google.com/spreadsheets/d/1pcI0H5_o88uChaoz3Jx8Lo2Z71zohG9q1pYbJLiJRZI/edit?gid=1086065120#gid=1086065120"", address(row($Z13),column($Z13),,,""CSE-M""))"),339.0) -> 339 | E13: =ROUND(D13/$D$5*100,0) -> 80
A14: 9 | B14: 24981A05Q0 | C14: BODDETI YASWANTH | D14: =IFERROR(__xludf.DUMMYFUNCTION("IMPORTRANGE(""https://docs.google.com/spreadsheets/d/1pcI0H5_o88uChaoz3Jx8Lo2Z71zohG9q1pYbJLiJRZI/edit?gid=1086065120#gid=1086065120"", address(row($Z14),column($Z14),,,""CSE-M""))"),316.0) -> 316 | E14: =ROUND(D14/$D$5*100,0) -> 75
A15: 10 | B15: 24981A05Q1 | C15: BODDU SAI DEEPAK | D15: =IFERROR(__xludf.DUMMYFUNCTION("IMPORTRANGE(""https://docs.google.com/spreadsheets/d/1pcI0H5_o88uChaoz3Jx8Lo2Z71zohG9q1pYbJLiJRZI/edit?gid=1086065120#gid=1086065120"", address(row($Z15),column($Z15),,,""CSE-M""))"),214.0) -> 214 | E15: =ROUND(D15/$D$5*100,0) -> 51
A16: 11 | B16: 24981A05Q2 | C16: BONU MANASA | D16: =IFERROR(__xludf.DUMMYFUNCTION("IMPORTRANGE(""https://docs.google.com/spreadsheets/d/1pcI0H5_o88uChaoz3Jx8Lo2Z71zohG9q1pYbJLiJRZI/edit?gid=1086065120#gid=1086065120"", address(row($Z16),column($Z16),,,""CSE-M""))"),284.0) -> 284 | E16: =ROUND(D16/$D$5*100,0) -> 67
A17: 12 | B17: 24981A05Q3 | C17: BUGATHA SRUTHI | D17: =IFERROR(__xludf.DUMMYFUNCTION("IMPORTRANGE(""https://docs.google.com/spreadsheets/d/1pcI0H5_o88uChaoz3Jx8Lo2Z71zohG9q1pYbJLiJRZI/edit?gid=1086065120#gid=1086065120"", address(row($Z17),column($Z17),,,""CSE-M""))"),354.0) -> 354 | E17: =ROUND(D17/$D$5*100,0) -> 84
A18: 13 | B18: 24981A05Q4 | C18: BURLE DURGAPRASAD | D18: =IFERROR(__xludf.DUMMYFUNCTION("IMPORTRANGE(""https://docs.google.com/spreadsheets/d/1pcI0H5_o88uChaoz3Jx8Lo2Z71zohG9q1pYbJLiJRZI/edit?gid=1086065120#gid=1086065120"", address(row($Z18),column($Z18),,,""CSE-M""))"),320.0) -> 320 | E18: =ROUND(D18/$D$5*100,0) -> 76
A19: 14 | B19: 24981A05Q5 | C19: BYREDDI TEJASWINI | D19: =IFERROR(__xludf.DUMMYFUNCTION("IMPORTRANGE(""https://docs.google.com/spreadsheets/d/1pcI0H5_o88uChaoz3Jx8Lo2Z71zohG9q1pYbJLiJRZI/edit?gid=1086065120#gid=1086065120"", address(row($Z19),column($Z19),,,""CSE-M""))"),345.0) -> 345 | E19: =ROUND(D19/$D$5*100,0) -> 82
A20: 15 | B20: 24981A05Q6 | C20: CHELLANGI JYOTHI SWAROOP | D20: =IFERROR(__xludf.DUMMYFUNCTION("IMPORTRANGE(""https://docs.google.com/spreadsheets/d/1pcI0H5_o88uChaoz3Jx8Lo2Z71zohG9q1pYbJLiJRZI/edit?gid=1086065120#gid=1086065120"", address(row($Z20),column($Z20),,,""CSE-M""))"),292.0) -> 292 | E20: =ROUND(D20/$D$5*100,0) -> 69
A21: 16 | B21: 24981A05Q7 | C21: CHANDAKA SRINU | D21: =IFERROR(__xludf.DUMMYFUNCTION("IMPORTRANGE(""https://docs.google.com/spreadsheets/d/1pcI0H5_o88uChaoz3Jx8Lo2Z71zohG9q1pYbJLiJRZI/edit?gid=1086065120#gid=1086065120"", address(row($Z21),column($Z21),,,""CSE-M""))"),284.0) -> 284 | E21: =ROUND(D21/$D$5*100,0) -> 67
A22: 17 | B22: 24981A05Q8 | C22: CHEEPULLA LIKHITHA | D22: =IFERROR(__xludf.DUMMYFUNCTION("IMPORTRANGE(""https://docs.google.com/spreadsheets/d/1pcI0H5_o88uChaoz3Jx8Lo2Z71zohG9q1pYbJLiJRZI/edit?gid=1086065120#gid=1086065120"", address(row($Z22),column($Z22),,,""CSE-M""))"),304.0) -> 304 | E22: =ROUND(D22/$D$5*100,0) -> 72
A23: 18 | B23: 24981A05Q9 | C23: CHINTAPALLI JYOTHSNA | D23: =IFERROR(__xludf.DUMMYFUNCTION("IMPORTRANGE(""https://docs.google.com/spreadsheets/d/1pcI0H5_o88uChaoz3Jx8Lo2Z71zohG9q1pYbJLiJRZI/edit?gid=1086065120#gid=1086065120"", address(row($Z23),column($Z23),,,""CSE-M""))"),343.0) -> 343 | E23: =ROUND(D23/$D$5*100,0) -> 81
A24: 19 | B24: 24981A05QA | C24: CHINTAPALLI TULASI TANUJA | D24: =IFERROR(__xludf.DUMMYFUNCTION("IMPORTRANGE(""https://docs.google.com/spreadsheets/d/1pcI0H5_o88uChaoz3Jx8Lo2Z71zohG9q1pYbJLiJRZI/edit?gid=1086065120#gid=1086065120"", address(row($Z24),column($Z24),,,""CSE-M""))"),336.0) -> 336 | E24: =ROUND(D24/$D$5*100,0) -> 79
A25: 20 | B25: 24981A05QB | C25: CHITTELA VENKATA NIKHIL REDDY | D25: =IFERROR(__xludf.DUMMYFUNCTION("IMPORTRANGE(""https://docs.google.com/spreadsheets/d/1pcI0H5_o88uChaoz3Jx8Lo2Z71zohG9q1pYbJLiJRZI/edit?gid=1086065120#gid=1086065120"", address(row($Z25),column($Z25),,,""CSE-M""))"),413.0) -> 413 | E25: =ROUND(D25/$D$5*100,0) -> 98
A26: 21 | B26: 24981A05QC | C26: DAMALAPATI PADMAJA | D26: =IFERROR(__xludf.DUMMYFUNCTION("IMPORTRANGE(""https://docs.google.com/spreadsheets/d/1pcI0H5_o88uChaoz3Jx8Lo2Z71zohG9q1pYbJLiJRZI/edit?gid=1086065120#gid=1086065120"", address(row($Z26),column($Z26),,,""CSE-M""))"),364.0) -> 364 | E26: =ROUND(D26/$D$5*100,0) -> 86
A27: 22 | B27: 24981A05QD | C27: VANAMAREDDI NAVEENKUMAR REDDY | D27: =IFERROR(__xludf.DUMMYFUNCTION("IMPORTRANGE(""https://docs.google.com/spreadsheets/d/1pcI0H5_o88uChaoz3Jx8Lo2Z71zohG9q1pYbJLiJRZI/edit?gid=1086065120#gid=1086065120"", address(row($Z27),column($Z27),,,""CSE-M""))"),285.0) -> 285 | E27: =ROUND(D27/$D$5*100,0) -> 67
A28: 23 | B28: 24981A05QE | C28: DASARI VINAY KUMAR | D28: =IFERROR(__xludf.DUMMYFUNCTION("IMPORTRANGE(""https://docs.google.com/spreadsheets/d/1pcI0H5_o88uChaoz3Jx8Lo2Z71zohG9q1pYbJLiJRZI/edit?gid=1086065120#gid=1086065120"", address(row($Z28),column($Z28),,,""CSE-M""))"),347.0) -> 347 | E28: =ROUND(D28/$D$5*100,0) -> 82
A29: 24 | B29: 24981A05QF | C29: DEVARASETTY SAMIKSHA | D29: =IFERROR(__xludf.DUMMYFUNCTION("IMPORTRANGE(""https://docs.google.com/spreadsheets/d/1pcI0H5_o88uChaoz3Jx8Lo2Z71zohG9q1pYbJLiJRZI/edit?gid=1086065120#gid=1086065120"", address(row($Z29),column($Z29),,,""CSE-M""))"),352.0) -> 352 | E29: =ROUND(D29/$D$5*100,0) -> 83
A30: 25 | B30: 24981A05QG | C30: DOKI SAI CHARAN | D30: =IFERROR(__xludf.DUMMYFUNCTION("IMPORTRANGE(""https://docs.google.com/spreadsheets/d/1pcI0H5_o88uChaoz3Jx8Lo2Z71zohG9q1pYbJLiJRZI/edit?gid=1086065120#gid=1086065120"", address(row($Z30),column($Z30),,,""CSE-M""))"),363.0) -> 363 | E30: =ROUND(D30/$D$5*100,0) -> 86
A31: 26 | B31: 24981A05QH | C31: EATI AKANKSHA | D31: =IFERROR(__xludf.DUMMYFUNCTION("IMPORTRANGE(""https://docs.google.com/spreadsheets/d/1pcI0H5_o88uChaoz3Jx8Lo2Z71zohG9q1pYbJLiJRZI/edit?gid=1086065120#gid=1086065120"", address(row($Z31),column($Z31),,,""CSE-M""))"),315.0) -> 315 | E31: =ROUND(D31/$D$5*100,0) -> 74
A32: 27 | B32: 24981A05QI | C32: GADI THIRUMALA | D32: =IFERROR(__xludf.DUMMYFUNCTION("IMPORTRANGE(""https://docs.google.com/spreadsheets/d/1pcI0H5_o88uChaoz3Jx8Lo2Z71zohG9q1pYbJLiJRZI/edit?gid=1086065120#gid=1086065120"", address(row($Z32),column($Z32),,,""CSE-M""))"),315.0) -> 315 | E32: =ROUND(D32/$D$5*100,0) -> 74
A33: 28 | B33: 24981A05QJ | C33: GANDEM BHARATH | D33: =IFERROR(__xludf.DUMMYFUNCTION("IMPORTRANGE(""https://docs.google.com/spreadsheets/d/1pcI0H5_o88uChaoz3Jx8Lo2Z71zohG9q1pYbJLiJRZI/edit?gid=1086065120#gid=1086065120"", address(row($Z33),column($Z33),,,""CSE-M""))"),216.0) -> 216 | E33: =ROUND(D33/$D$5*100,0) -> 51
A34: 29 | B34: 24981A05QK | C34: GANGU DILLESWARA RAO | D34: =IFERROR(__xludf.DUMMYFUNCTION("IMPORTRANGE(""https://docs.google.com/spreadsheets/d/1pcI0H5_o88uChaoz3Jx8Lo2Z71zohG9q1pYbJLiJRZI/edit?gid=1086065120#gid=1086065120"", address(row($Z34),column($Z34),,,""CSE-M""))"),267.0) -> 267 | E34: =ROUND(D34/$D$5*100,0) -> 63
A35: 30 | B35: 24981A05QL | C35: GOTTAPU MOHAN KRISHNA | D35: =IFERROR(__xludf.DUMMYFUNCTION("IMPORTRANGE(""https://docs.google.com/spreadsheets/d/1pcI0H5_o88uChaoz3Jx8Lo2Z71zohG9q1pYbJLiJRZI/edit?gid=1086065120#gid=1086065120"", address(row($Z35),column($Z35),,,""CSE-M""))"),304.0) -> 304 | E35: =ROUND(D35/$D$5*100,0) -> 72
A36: 31 | B36: 24981A05QM | C36: JAMI SAHITHI | D36: =IFERROR(__xludf.DUMMYFUNCTION("IMPORTRANGE(""https://docs.google.com/spreadsheets/d/1pcI0H5_o88uChaoz3Jx8Lo2Z71zohG9q1pYbJLiJRZI/edit?gid=1086065120#gid=1086065120"", address(row($Z36),column($Z36),,,""CSE-M""))"),319.0) -> 319 | E36: =ROUND(D36/$D$5*100,0) -> 75
A37: 32 | B37: 24981A05QN | C37: JARUGULLA VISHNU VARDHAN | D37: =IFERROR(__xludf.DUMMYFUNCTION("IMPORTRANGE(""https://docs.google.com/spreadsheets/d/1pcI0H5_o88uChaoz3Jx8Lo2Z71zohG9q1pYbJLiJRZI/edit?gid=1086065120#gid=1086065120"", address(row($Z37),column($Z37),,,""CSE-M""))"),355.0) -> 355 | E37: =ROUND(D37/$D$5*100,0) -> 84
A38: 33 | B38: 24981A05QP | C38: KADAVALA JYOSHIKA | D38: =IFERROR(__xludf.DUMMYFUNCTION("IMPORTRANGE(""https://docs.google.com/spreadsheets/d/1pcI0H5_o88uChaoz3Jx8Lo2Z71zohG9q1pYbJLiJRZI/edit?gid=1086065120#gid=1086065120"", address(row($Z38),column($Z38),,,""CSE-M""))"),341.0) -> 341 | E38: =ROUND(D38/$D$5*100,0) -> 81
A39: 34 | B39: 24981A05QQ | C39: KARRI YUGANDHAR VINAYAKA NAGENDRA | D39: =IFERROR(__xludf.DUMMYFUNCTION("IMPORTRANGE(""https://docs.google.com/spreadsheets/d/1pcI0H5_o88uChaoz3Jx8Lo2Z71zohG9q1pYbJLiJRZI/edit?gid=1086065120#gid=1086065120"", address(row($Z39),column($Z39),,,""CSE-M""))"),296.0) -> 296 | E39: =ROUND(D39/$D$5*100,0) -> 70
A40: 35 | B40: 24981A05QR | C40: KAVALI MADHAVA BHUVANESWAR | D40: =IFERROR(__xludf.DUMMYFUNCTION("IMPORTRANGE(""https://docs.google.com/spreadsheets/d/1pcI0H5_o88uChaoz3Jx8Lo2Z71zohG9q1pYbJLiJRZI/edit?gid=1086065120#gid=1086065120"", address(row($Z40),column($Z40),,,""CSE-M""))"),290.0) -> 290 | E40: =ROUND(D40/$D$5*100,0) -> 69
A41: 36 | B41: 24981A05QS | C41: KORADA DEEKSHITHA | D41: =IFERROR(__xludf.DUMMYFUNCTION("IMPORTRANGE(""https://docs.google.com/spreadsheets/d/1pcI0H5_o88uChaoz3Jx8Lo2Z71zohG9q1pYbJLiJRZI/edit?gid=1086065120#gid=1086065120"", address(row($Z41),column($Z41),,,""CSE-M""))"),330.0) -> 330 | E41: =ROUND(D41/$D$5*100,0) -> 78
A42: 37 | B42: 24981A05QT | C42: KORADA LALITHASRI | D42: =IFERROR(__xludf.DUMMYFUNCTION("IMPORTRANGE(""https://docs.google.com/spreadsheets/d/1pcI0H5_o88uChaoz3Jx8Lo2Z71zohG9q1pYbJLiJRZI/edit?gid=1086065120#gid=1086065120"", address(row($Z42),column($Z42),,,""CSE-M""))"),303.0) -> 303 | E42: =ROUND(D42/$D$5*100,0) -> 72
A43: 38 | B43: 24981A05QU | C43: KOTNI JASHWANTH KUMAR | D43: =IFERROR(__xludf.DUMMYFUNCTION("IMPORTRANGE(""https://docs.google.com/spreadsheets/d/1pcI0H5_o88uChaoz3Jx8Lo2Z71zohG9q1pYbJLiJRZI/edit?gid=1086065120#gid=1086065120"", address(row($Z43),column($Z43),,,""CSE-M""))"),303.0) -> 303 | E43: =ROUND(D43/$D$5*100,0) -> 72
A44: 39 | B44: 24981A05QV | C44: KOTYADA GEETHANJALI | D44: =IFERROR(__xludf.DUMMYFUNCTION("IMPORTRANGE(""https://docs.google.com/spreadsheets/d/1pcI0H5_o88uChaoz3Jx8Lo2Z71zohG9q1pYbJLiJRZI/edit?gid=1086065120#gid=1086065120"", address(row($Z44),column($Z44),,,""CSE-M""))"),353.0) -> 353 | E44: =ROUND(D44/$D$5*100,0) -> 83
A45: 40 | B45: 24981A05QW | C45: KOYILADA GEETH MOUNISH | D45: =IFERROR(__xludf.DUMMYFUNCTION("IMPORTRANGE(""https://docs.google.com/spreadsheets/d/1pcI0H5_o88uChaoz3Jx8Lo2Z71zohG9q1pYbJLiJRZI/edit?gid=1086065120#gid=1086065120"", address(row($Z45),column($Z45),,,""CSE-M""))"),305.0) -> 305 | E45: =ROUND(D45/$D$5*100,0) -> 72
A46: 41 | B46: 24981A05QX | C46: THARUN KUMAR LACHIREDDI | D46: =IFERROR(__xludf.DUMMYFUNCTION("IMPORTRANGE(""https://docs.google.com/spreadsheets/d/1pcI0H5_o88uChaoz3Jx8Lo2Z71zohG9q1pYbJLiJRZI/edit?gid=1086065120#gid=1086065120"", address(row($Z46),column($Z46),,,""CSE-M""))"),258.0) -> 258 | E46: =ROUND(D46/$D$5*100,0) -> 61
A47: 42 | B47: 24981A05QY | C47: LANKA RESHMA | D47: =IFERROR(__xludf.DUMMYFUNCTION("IMPORTRANGE(""https://docs.google.com/spreadsheets/d/1pcI0H5_o88uChaoz3Jx8Lo2Z71zohG9q1pYbJLiJRZI/edit?gid=1086065120#gid=1086065120"", address(row($Z47),column($Z47),,,""CSE-M""))"),373.0) -> 373 | E47: =ROUND(D47/$D$5*100,0) -> 88
A48: 43 | B48: 24981A05QZ | C48: LENKA RAMU NAIDU | D48: =IFERROR(__xludf.DUMMYFUNCTION("IMPORTRANGE(""https://docs.google.com/spreadsheets/d/1pcI0H5_o88uChaoz3Jx8Lo2Z71zohG9q1pYbJLiJRZI/edit?gid=1086065120#gid=1086065120"", address(row($Z48),column($Z48),,,""CSE-M""))"),294.0) -> 294 | E48: =ROUND(D48/$D$5*100,0) -> 70
A49: 44 | B49: 24981A05R0 | C49: MARISA JNANENEDRA SAI PRADEEP | D49: =IFERROR(__xludf.DUMMYFUNCTION("IMPORTRANGE(""https://docs.google.com/spreadsheets/d/1pcI0H5_o88uChaoz3Jx8Lo2Z71zohG9q1pYbJLiJRZI/edit?gid=1086065120#gid=1086065120"", address(row($Z49),column($Z49),,,""CSE-M""))"),240.0) -> 240 | E49: =ROUND(D49/$D$5*100,0) -> 57
A50: 45 | B50: 24981A05R1 | C50: MIDATHANA SAI VINAY | D50: =IFERROR(__xludf.DUMMYFUNCTION("IMPORTRANGE(""https://docs.google.com/spreadsheets/d/1pcI0H5_o88uChaoz3Jx8Lo2Z71zohG9q1pYbJLiJRZI/edit?gid=1086065120#gid=1086065120"", address(row($Z50),column($Z50),,,""CSE-M""))"),250.0) -> 250 | E50: =ROUND(D50/$D$5*100,0) -> 59
A51: 46 | B51: 24981A05R2 | C51: MUTYALA MEGHANA | D51: =IFERROR(__xludf.DUMMYFUNCTION("IMPORTRANGE(""https://docs.google.com/spreadsheets/d/1pcI0H5_o88uChaoz3Jx8Lo2Z71zohG9q1pYbJLiJRZI/edit?gid=1086065120#gid=1086065120"", address(row($Z51),column($Z51),,,""CSE-M""))"),331.0) -> 331 | E51: =ROUND(D51/$D$5*100,0) -> 78
A52: 47 | B52: 24981A05R3 | C52: NAMMI VENKATA SATYA NARAYANA | D52: =IFERROR(__xludf.DUMMYFUNCTION("IMPORTRANGE(""https://docs.google.com/spreadsheets/d/1pcI0H5_o88uChaoz3Jx8Lo2Z71zohG9q1pYbJLiJRZI/edit?gid=1086065120#gid=1086065120"", address(row($Z52),column($Z52),,,""CSE-M""))"),219.0) -> 219 | E52: =ROUND(D52/$D$5*100,0) -> 52
A53: 48 | B53: 24981A05R4 | C53: NADUPURU YASHWANTH | D53: =IFERROR(__xludf.DUMMYFUNCTION("IMPORTRANGE(""https://docs.google.com/spreadsheets/d/1pcI0H5_o88uChaoz3Jx8Lo2Z71zohG9q1pYbJLiJRZI/edit?gid=1086065120#gid=1086065120"", address(row($Z53),column($Z53),,,""CSE-M""))"),287.0) -> 287 | E53: =ROUND(D53/$D$5*100,0) -> 68
A54: 49 | B54: 24981A05R5 | C54: NAGURI PAVAN KUMAR REDDY | D54: =IFERROR(__xludf.DUMMYFUNCTION("IMPORTRANGE(""https://docs.google.com/spreadsheets/d/1pcI0H5_o88uChaoz3Jx8Lo2Z71zohG9q1pYbJLiJRZI/edit?gid=1086065120#gid=1086065120"", address(row($Z54),column($Z54),,,""CSE-M""))"),259.0) -> 259 | E54: =ROUND(D54/$D$5*100,0) -> 61
A55: 50 | B55: 24981A05R6 | C55: NALLA SAI DEVA HARSHA | D55: =IFERROR(__xludf.DUMMYFUNCTION("IMPORTRANGE(""https://docs.google.com/spreadsheets/d/1pcI0H5_o88uChaoz3Jx8Lo2Z71zohG9q1pYbJLiJRZI/edit?gid=1086065120#gid=1086065120"", address(row($Z55),column($Z55),,,""CSE-M""))"),352.0) -> 352 | E55: =ROUND(D55/$D$5*100,0) -> 83
A56: 51 | B56: 24981A05R7 | C56: NALLAPATRUNI DURGA PRASAD | D56: =IFERROR(__xludf.DUMMYFUNCTION("IMPORTRANGE(""https://docs.google.com/spreadsheets/d/1pcI0H5_o88uChaoz3Jx8Lo2Z71zohG9q1pYbJLiJRZI/edit?gid=1086065120#gid=1086065120"", address(row($Z56),column($Z56),,,""CSE-M""))"),236.0) -> 236 | E56: =ROUND(D56/$D$5*100,0) -> 56
A57: 52 | B57: 24981A05R8 | C57: NARMALA BHARGAVI | D57: =IFERROR(__xludf.DUMMYFUNCTION("IMPORTRANGE(""https://docs.google.com/spreadsheets/d/1pcI0H5_o88uChaoz3Jx8Lo2Z71zohG9q1pYbJLiJRZI/edit?gid=1086065120#gid=1086065120"", address(row($Z57),column($Z57),,,""CSE-M""))"),268.0) -> 268 | E57: =ROUND(D57/$D$5*100,0) -> 63
A58: 53 | B58: 24981A05R9 | C58: NERADABILLI MOHANARAO | D58: =IFERROR(__xludf.DUMMYFUNCTION("IMPORTRANGE(""https://docs.google.com/spreadsheets/d/1pcI0H5_o88uChaoz3Jx8Lo2Z71zohG9q1pYbJLiJRZI/edit?gid=1086065120#gid=1086065120"", address(row($Z58),column($Z58),,,""CSE-M""))"),227.0) -> 227 | E58: =ROUND(D58/$D$5*100,0) -> 54
A59: 54 | B59: 24981A05RA | C59: PADALA LEKHYA | D59: =IFERROR(__xludf.DUMMYFUNCTION("IMPORTRANGE(""https://docs.google.com/spreadsheets/d/1pcI0H5_o88uChaoz3Jx8Lo2Z71zohG9q1pYbJLiJRZI/edit?gid=1086065120#gid=1086065120"", address(row($Z59),column($Z59),,,""CSE-M""))"),323.0) -> 323 | E59: =ROUND(D59/$D$5*100,0) -> 76
A60: 55 | B60: 24981A05RB | C60: PERAMBUDURU KUNDHANA VAISHNAVI | D60: =IFERROR(__xludf.DUMMYFUNCTION("IMPORTRANGE(""https://docs.google.com/spreadsheets/d/1pcI0H5_o88uChaoz3Jx8Lo2Z71zohG9q1pYbJLiJRZI/edit?gid=1086065120#gid=1086065120"", address(row($Z60),column($Z60),,,""CSE-M""))"),409.0) -> 409 | E60: =ROUND(D60/$D$5*100,0) -> 97
A61: 56 | B61: 24981A05RC | C61: POLANKAMPALLI SANJAY | D61: =IFERROR(__xludf.DUMMYFUNCTION("IMPORTRANGE(""https://docs.google.com/spreadsheets/d/1pcI0H5_o88uChaoz3Jx8Lo2Z71zohG9q1pYbJLiJRZI/edit?gid=1086065120#gid=1086065120"", address(row($Z61),column($Z61),,,""CSE-M""))"),229.0) -> 229 | E61: =ROUND(D61/$D$5*100,0) -> 54
A62: 57 | B62: 24981A05RD | C62: POTNURU BHAVANI | D62: =IFERROR(__xludf.DUMMYFUNCTION("IMPORTRANGE(""https://docs.google.com/spreadsheets/d/1pcI0H5_o88uChaoz3Jx8Lo2Z71zohG9q1pYbJLiJRZI/edit?gid=1086065120#gid=1086065120"", address(row($Z62),column($Z62),,,""CSE-M""))"),358.0) -> 358 | E62: =ROUND(D62/$D$5*100,0) -> 85
A63: 58 | B63: 24981A05RE | C63: RAMISETTI CHAITANYA | D63: =IFERROR(__xludf.DUMMYFUNCTION("IMPORTRANGE(""https://docs.google.com/spreadsheets/d/1pcI0H5_o88uChaoz3Jx8Lo2Z71zohG9q1pYbJLiJRZI/edit?gid=1086065120#gid=1086065120"", address(row($Z63),column($Z63),,,""CSE-M""))"),401.0) -> 401 | E63: =ROUND(D63/$D$5*100,0) -> 95
A64: 59 | B64: 24981A05RF | C64: SAKALABAKTHULA HEMA HASINI | D64: =IFERROR(__xludf.DUMMYFUNCTION("IMPORTRANGE(""https://docs.google.com/spreadsheets/d/1pcI0H5_o88uChaoz3Jx8Lo2Z71zohG9q1pYbJLiJRZI/edit?gid=1086065120#gid=1086065120"", address(row($Z64),column($Z64),,,""CSE-M""))"),321.0) -> 321 | E64: =ROUND(D64/$D$5*100,0) -> 76
A65: 60 | B65: 24981A05RG | C65: SARAGADAM RESWANTH | D65: =IFERROR(__xludf.DUMMYFUNCTION("IMPORTRANGE(""https://docs.google.com/spreadsheets/d/1pcI0H5_o88uChaoz3Jx8Lo2Z71zohG9q1pYbJLiJRZI/edit?gid=1086065120#gid=1086065120"", address(row($Z65),column($Z65),,,""CSE-M""))"),293.0) -> 293 | E65: =ROUND(D65/$D$5*100,0) -> 69
A66: 61 | B66: 24981A05RH | C66: SETTI KRANTHI KUMAR | D66: =IFERROR(__xludf.DUMMYFUNCTION("IMPORTRANGE(""https://docs.google.com/spreadsheets/d/1pcI0H5_o88uChaoz3Jx8Lo2Z71zohG9q1pYbJLiJRZI/edit?gid=1086065120#gid=1086065120"", address(row($Z66),column($Z66),,,""CSE-M""))"),237.0) -> 237 | E66: =ROUND(D66/$D$5*100,0) -> 56
A67: 62 | B67: 24981A05RI | C67: SIMHADRI KANAKA RAJU | D67: =IFERROR(__xludf.DUMMYFUNCTION("IMPORTRANGE(""https://docs.google.com/spreadsheets/d/1pcI0H5_o88uChaoz3Jx8Lo2Z71zohG9q1pYbJLiJRZI/edit?gid=1086065120#gid=1086065120"", address(row($Z67),column($Z67),,,""CSE-M""))"),275.0) -> 275 | E67: =ROUND(D67/$D$5*100,0) -> 65
A68: 63 | B68: 24981A05RJ | C68: SIRIKI DEVI CHARAN TEJA | D68: =IFERROR(__xludf.DUMMYFUNCTION("IMPORTRANGE(""https://docs.google.com/spreadsheets/d/1pcI0H5_o88uChaoz3Jx8Lo2Z71zohG9q1pYbJLiJRZI/edit?gid=1086065120#gid=1086065120"", address(row($Z68),column($Z68),,,""CSE-M""))"),272.0) -> 272 | E68: =ROUND(D68/$D$5*100,0) -> 64
A69: 64 | B69: 24981A05RK | C69: TAMTAM RAM SAI CHARAN | D69: =IFERROR(__xludf.DUMMYFUNCTION("IMPORTRANGE(""https://docs.google.com/spreadsheets/d/1pcI0H5_o88uChaoz3Jx8Lo2Z71zohG9q1pYbJLiJRZI/edit?gid=1086065120#gid=1086065120"", address(row($Z69),column($Z69),,,""CSE-M""))"),164.0) -> 164 | E69: =ROUND(D69/$D$5*100,0) -> 39
A70: 65 | B70: 24981A05RL | C70: TELLAGADDAM YASWANTH SAI | D70: =IFERROR(__xludf.DUMMYFUNCTION("IMPORTRANGE(""https://docs.google.com/spreadsheets/d/1pcI0H5_o88uChaoz3Jx8Lo2Z71zohG9q1pYbJLiJRZI/edit?gid=1086065120#gid=1086065120"", address(row($Z70),column($Z70),,,""CSE-M""))"),275.0) -> 275 | E70: =ROUND(D70/$D$5*100,0) -> 65
A71: 66 | B71: 24981A05RM | C71: TERLI DEEPIKA | D71: =IFERROR(__xludf.DUMMYFUNCTION("IMPORTRANGE(""https://docs.google.com/spreadsheets/d/1pcI0H5_o88uChaoz3Jx8Lo2Z71zohG9q1pYbJLiJRZI/edit?gid=1086065120#gid=1086065120"", address(row($Z71),column($Z71),,,""CSE-M""))"),381.0) -> 381 | E71: =ROUND(D71/$D$5*100,0) -> 90
A72: 67 | B72: 24981A05RN | C72: THOTA SIVA DURGA RAO | D72: =IFERROR(__xludf.DUMMYFUNCTION("IMPORTRANGE(""https://docs.google.com/spreadsheets/d/1pcI0H5_o88uChaoz3Jx8Lo2Z71zohG9q1pYbJLiJRZI/edit?gid=1086065120#gid=1086065120"", address(row($Z72),column($Z72),,,""CSE-M""))"),225.0) -> 225 | E72: =ROUND(D72/$D$5*100,0) -> 53
A73: 68 | B73: 24981A05RP | C73: TUMMALA ASWANI SAI TEJA | D73: =IFERROR(__xludf.DUMMYFUNCTION("IMPORTRANGE(""https://docs.google.com/spreadsheets/d/1pcI0H5_o88uChaoz3Jx8Lo2Z71zohG9q1pYbJLiJRZI/edit?gid=1086065120#gid=1086065120"", address(row($Z73),column($Z73),,,""CSE-M""))"),264.0) -> 264 | E73: =ROUND(D73/$D$5*100,0) -> 62
A74: 69 | B74: 24981A05RQ | C74: VALLE JAYAVARDHAN | D74: =IFERROR(__xludf.DUMMYFUNCTION("IMPORTRANGE(""https://docs.google.com/spreadsheets/d/1pcI0H5_o88uChaoz3Jx8Lo2Z71zohG9q1pYbJLiJRZI/edit?gid=1086065120#gid=1086065120"", address(row($Z74),column($Z74),,,""CSE-M""))"),271.0) -> 271 | E74: =ROUND(D74/$D$5*100,0) -> 64
A75: 70 | B75: 24981A05RR | C75: AMBATI JANARDHAN | D75: =IFERROR(__xludf.DUMMYFUNCTION("IMPORTRANGE(""https://docs.google.com/spreadsheets/d/1pcI0H5_o88uChaoz3Jx8Lo2Z71zohG9q1pYbJLiJRZI/edit?gid=1086065120#gid=1086065120"", address(row($Z75),column($Z75),,,""CSE-M""))"),134.0) -> 134 | E75: =ROUND(D75/$D$5*100,0) -> 32
A76: 71 | B76: 24981A05RS | C76: ADAPALA AVINASH | D76: =IFERROR(__xludf.DUMMYFUNCTION("IMPORTRANGE(""https://docs.google.com/spreadsheets/d/1pcI0H5_o88uChaoz3Jx8Lo2Z71zohG9q1pYbJLiJRZI/edit?gid=1086065120#gid=1086065120"", address(row($Z76),column($Z76),,,""CSE-M""))"),251.0) -> 251 | E76: =ROUND(D76/$D$5*100,0) -> 59
A77: 72 | B77: 24981A05RT | C77: ALLU JAHNAVI | D77: =IFERROR(__xludf.DUMMYFUNCTION("IMPORTRANGE(""https://docs.google.com/spreadsheets/d/1pcI0H5_o88uChaoz3Jx8Lo2Z71zohG9q1pYbJLiJRZI/edit?gid=1086065120#gid=1086065120"", address(row($Z77),column($Z77),,,""CSE-M""))"),343.0) -> 343 | E77: =ROUND(D77/$D$5*100,0) -> 81
A78: 73 | B78: 24981A05RU | C78: GORLI SAI NITEESH | D78: =IFERROR(__xludf.DUMMYFUNCTION("IMPORTRANGE(""https://docs.google.com/spreadsheets/d/1pcI0H5_o88uChaoz3Jx8Lo2Z71zohG9q1pYbJLiJRZI/edit?gid=1086065120#gid=1086065120"", address(row($Z78),column($Z78),,,""CSE-M""))"),308.0) -> 308 | E78: =ROUND(D78/$D$5*100,0) -> 73
B80: CSE - M
B81: >75 | C81: =COUNTIF(E6:E78,">=75") -> 29
B82: >65 AND <74 | C82: =COUNTIFS(E6:E78,">=65",E6:E78,"<75") -> 21
B83: >50 AND <64 | C83: =COUNTIFS(E6:E78,">=50",E6:E78,"<65") -> 21
B84: >25 AND <49 | C84: =COUNTIFS(E6:E78,">=25",E6:E78,"<50") -> 2
B85: >1 AND <24 | C85: =COUNTIFS(E6:E78,">=1",E6:E78,"<25") -> 0
B86: =0 -> 0 | C86: =COUNTIFS(E6:E78,"=0") -> 0
C87: =SUM(C81:C86) -> 73

Sheet CSE-N
A1: RAGHU ENGINEERING COLLEGE (A)
A2: Department of CSE
A3: 2024 AB CSE-N (REC) II B.Tech I Semester Attendance as on 11.06.2025 onwards
A4: S.No | B4: Regd. No | C4: Name of the student | D4: Total | E4: Percentage
A5: Total classes taken till today | D5: =IFERROR(__xludf.DUMMYFUNCTION("IMPORTRANGE(""https://docs.google.com/spreadsheets/d/1pcI0H5_o88uChaoz3Jx8Lo2Z71zohG9q1pYbJLiJRZI/edit?gid=2034297422#gid=2034297422"", address(row($Z5),column($Z5),,,""CSE-N""))"),413.0) -> 413 | E5: %
A6: 1 | B6: 24981A05RV | C6: BIDDIKA AJAY | D6: =IFERROR(__xludf.DUMMYFUNCTION("IMPORTRANGE(""https://docs.google.com/spreadsheets/d/1pcI0H5_o88uChaoz3Jx8Lo2Z71zohG9q1pYbJLiJRZI/edit?gid=2034297422#gid=2034297422"", address(row($Z6),column($Z6),,,""CSE-N""))"),82.0) -> 82 | E6: =ROUND(D6/$D$5*100,0) -> 20
A7: 2 | B7: 24981A05RW | C7: BONGI RUCHITHA | D7: =IFERROR(__xludf.DUMMYFUNCTION("IMPORTRANGE(""https://docs.google.com/spreadsheets/d/1pcI0H5_o88uChaoz3Jx8Lo2Z71zohG9q1pYbJLiJRZI/edit?gid=2034297422#gid=2034297422"", address(row($Z7),column($Z7),,,""CSE-N""))"),372.0) -> 372 | E7: =ROUND(D7/$D$5*100,0) -> 90
A8: 3 | B8: 24981A05RX | C8: CHINAPANA AJAY | D8: =IFERROR(__xludf.DUMMYFUNCTION("IMPORTRANGE(""https://docs.google.com/spreadsheets/d/1pcI0H5_o88uChaoz3Jx8Lo2Z71zohG9q1pYbJLiJRZI/edit?gid=2034297422#gid=2034297422"", address(row($Z8),column($Z8),,,""CSE-N""))"),383.0) -> 383 | E8: =ROUND(D8/$D$5*100,0) -> 93
A9: 4 | B9: 24981A05RY | C9: CHINTA JAHNAVI | D9: =IFERROR(__xludf.DUMMYFUNCTION("IMPORTRANGE(""https://docs.google.com/spreadsheets/d/1pcI0H5_o88uChaoz3Jx8Lo2Z71zohG9q1pYbJLiJRZI/edit?gid=2034297422#gid=2034297422"", address(row($Z9),column($Z9),,,""CSE-N""))"),274.0) -> 274 | E9: =ROUND(D9/$D$5*100,0) -> 66
A10: 5 | B10: 24981A05RZ | C10: CHIRRA SANTHOSH REDDY | D10: =IFERROR(__xludf.DUMMYFUNCTION("IMPORTRANGE(""https://docs.google.com/spreadsheets/d/1pcI0H5_o88uChaoz3Jx8Lo2Z71zohG9q1pYbJLiJRZI/edit?gid=2034297422#gid=2034297422"", address(row($Z10),column($Z10),,,""CSE-N""))"),209.0) -> 209 | E10: =ROUND(D10/$D$5*100,0) -> 51
A11: 6 | B11: 24981A05S0 | C11: DARLA PRAVEEN KUMAR | D11: =IFERROR(__xludf.DUMMYFUNCTION("IMPORTRANGE(""https://docs.google.com/spreadsheets/d/1pcI0H5_o88uChaoz3Jx8Lo2Z71zohG9q1pYbJLiJRZI/edit?gid=2034297422#gid=2034297422"", address(row($Z11),column($Z11),,,""CSE-N""))"),291.0) -> 291 | E11: =ROUND(D11/$D$5*100,0) -> 70
A12: 7 | B12: 24981A05S1 | C12: DEVARAPALLI GLORY JASIKA | D12: =IFERROR(__xludf.DUMMYFUNCTION("IMPORTRANGE(""https://docs.google.com/spreadsheets/d/1pcI0H5_o88uChaoz3Jx8Lo2Z71zohG9q1pYbJLiJRZI/edit?gid=2034297422#gid=2034297422"", address(row($Z12),column($Z12),,,""CSE-N""))"),197.0) -> 197 | E12: =ROUND(D12/$D$5*100,0) -> 48
A13: 8 | B13: 24981A05S2 | C13: DOPPALA GOUTHAM | D13: =IFERROR(__xludf.DUMMYFUNCTION("IMPORTRANGE(""https://docs.google.com/spreadsheets/d/1pcI0H5_o88uChaoz3Jx8Lo2Z71zohG9q1pYbJLiJRZI/edit?gid=2034297422#gid=2034297422"", address(row($Z13),column($Z13),,,""CSE-N""))"),227.0) -> 227 | E13: =ROUND(D13/$D$5*100,0) -> 55
A14: 9 | B14: 24981A05S3 | C14: DURISETI USHA ABHINAYA | D14: =IFERROR(__xludf.DUMMYFUNCTION("IMPORTRANGE(""https://docs.google.com/spreadsheets/d/1pcI0H5_o88uChaoz3Jx8Lo2Z71zohG9q1pYbJLiJRZI/edit?gid=2034297422#gid=2034297422"", address(row($Z14),column($Z14),,,""CSE-N""))"),327.0) -> 327 | E14: =ROUND(D14/$D$5*100,0) -> 79
A15: 10 | B15: 24981A05S4 | C15: GODA KAUSHIK | D15: =IFERROR(__xludf.DUMMYFUNCTION("IMPORTRANGE(""https://docs.google.com/spreadsheets/d/1pcI0H5_o88uChaoz3Jx8Lo2Z71zohG9q1pYbJLiJRZI/edit?gid=2034297422#gid=2034297422"", address(row($Z15),column($Z15),,,""CSE-N""))"),216.0) -> 216 | E15: =ROUND(D15/$D$5*100,0) -> 52
A16: 11 | B16: 24981A05S5 | C16: GOLLAPALLI ARAVIND | D16: =IFERROR(__xludf.DUMMYFUNCTION("IMPORTRANGE(""https://docs.google.com/spreadsheets/d/1pcI0H5_o88uChaoz3Jx8Lo2Z71zohG9q1pYbJLiJRZI/edit?gid=2034297422#gid=2034297422"", address(row($Z16),column($Z16),,,""CSE-N""))"),181.0) -> 181 | E16: =ROUND(D16/$D$5*100,0) -> 44
A17: 12 | B17: 24981A05S6 | C17: GOLLAPALLI MAHENDRA | D17: =IFERROR(__xludf.DUMMYFUNCTION("IMPORTRANGE(""https://docs.google.com/spreadsheets/d/1pcI0H5_o88uChaoz3Jx8Lo2Z71zohG9q1pYbJLiJRZI/edit?gid=2034297422#gid=2034297422"", address(row($Z17),column($Z17),,,""CSE-N""))"),284.0) -> 284 | E17: =ROUND(D17/$D$5*100,0) -> 69
A18: 13 | B18: 24981A05S7 | C18: GORLE PARAMESH KUMAR | D18: =IFERROR(__xludf.DUMMYFUNCTION("IMPORTRANGE(""https://docs.google.com/spreadsheets/d/1pcI0H5_o88uChaoz3Jx8Lo2Z71zohG9q1pYbJLiJRZI/edit?gid=2034297422#gid=2034297422"", address(row($Z18),column($Z18),,,""CSE-N""))"),240.0) -> 240 | E18: =ROUND(D18/$D$5*100,0) -> 58
A19: 14 | B19: 24981A05S8 | C19: GORUSETTI NITHIN | D19: =IFERROR(__xludf.DUMMYFUNCTION("IMPORTRANGE(""https://docs.google.com/spreadsheets/d/1pcI0H5_o88uChaoz3Jx8Lo2Z71zohG9q1pYbJLiJRZI/edit?gid=2034297422#gid=2034297422"", address(row($Z19),column($Z19),,,""CSE-N""))"),346.0) -> 346 | E19: =ROUND(D19/$D$5*100,0) -> 84
A20: 15 | B20: 24981A05S9 | C20: GOWRIPATTAPU HARSHAVARDHAN | D20: =IFERROR(__xludf.DUMMYFUNCTION("IMPORTRANGE(""https://docs.google.com/spreadsheets/d/1pcI0H5_o88uChaoz3Jx8Lo2Z71zohG9q1pYbJLiJRZI/edit?gid=2034297422#gid=2034297422"", address(row($Z20),column($Z20),,,""CSE-N""))"),252.0) -> 252 | E20: =ROUND(D20/$D$5*100,0) -> 61
A21: 16 | B21: 24981A05SA | C21: GUNTHA RAHUL | D21: =IFERROR(__xludf.DUMMYFUNCTION("IMPORTRANGE(""https://docs.google.com/spreadsheets/d/1pcI0H5_o88uChaoz3Jx8Lo2Z71zohG9q1pYbJLiJRZI/edit?gid=2034297422#gid=2034297422"", address(row($Z21),column($Z21),,,""CSE-N""))"),335.0) -> 335 | E21: =ROUND(D21/$D$5*100,0) -> 81
A22: 17 | B22: 24981A05SB | C22: GURUNADHAM MANOHAR | D22: =IFERROR(__xludf.DUMMYFUNCTION("IMPORTRANGE(""https://docs.google.com/spreadsheets/d/1pcI0H5_o88uChaoz3Jx8Lo2Z71zohG9q1pYbJLiJRZI/edit?gid=2034297422#gid=2034297422"", address(row($Z22),column($Z22),,,""CSE-N""))"),147.0) -> 147 | E22: =ROUND(D22/$D$5*100,0) -> 36
A23: 18 | B23: 24981A05SC | C23: INJETI PRIYADARSHINI | D23: =IFERROR(__xludf.DUMMYFUNCTION("IMPORTRANGE(""https://docs.google.com/spreadsheets/d/1pcI0H5_o88uChaoz3Jx8Lo2Z71zohG9q1pYbJLiJRZI/edit?gid=2034297422#gid=2034297422"", address(row($Z23),column($Z23),,,""CSE-N""))"),260.0) -> 260 | E23: =ROUND(D23/$D$5*100,0) -> 63
A24: 19 | B24: 24981A05SD | C24: IPPILI HASINI | D24: =IFERROR(__xludf.DUMMYFUNCTION("IMPORTRANGE(""https://docs.google.com/spreadsheets/d/1pcI0H5_o88uChaoz3Jx8Lo2Z71zohG9q1pYbJLiJRZI/edit?gid=2034297422#gid=2034297422"", address(row($Z24),column($Z24),,,""CSE-N""))"),287.0) -> 287 | E24: =ROUND(D24/$D$5*100,0) -> 69
A25: 20 | B25: 24981A05SE | C25: JALIYA VIVEK | D25: =IFERROR(__xludf.DUMMYFUNCTION("IMPORTRANGE(""https://docs.google.com/spreadsheets/d/1pcI0H5_o88uChaoz3Jx8Lo2Z71zohG9q1pYbJLiJRZI/edit?gid=2034297422#gid=2034297422"", address(row($Z25),column($Z25),,,""CSE-N""))"),203.0) -> 203 | E25: =ROUND(D25/$D$5*100,0) -> 49
A26: 21 | B26: 24981A05SF | C26: JAMANA GURU CHARAN TEJA | D26: =IFERROR(__xludf.DUMMYFUNCTION("IMPORTRANGE(""https://docs.google.com/spreadsheets/d/1pcI0H5_o88uChaoz3Jx8Lo2Z71zohG9q1pYbJLiJRZI/edit?gid=2034297422#gid=2034297422"", address(row($Z26),column($Z26),,,""CSE-N""))"),241.0) -> 241 | E26: =ROUND(D26/$D$5*100,0) -> 58
A27: 22 | B27: 24981A05SG | C27: KAKARA HEMANTH KAKODHKAR | D27: =IFERROR(__xludf.DUMMYFUNCTION("IMPORTRANGE(""https://docs.google.com/spreadsheets/d/1pcI0H5_o88uChaoz3Jx8Lo2Z71zohG9q1pYbJLiJRZI/edit?gid=2034297422#gid=2034297422"", address(row($Z27),column($Z27),,,""CSE-N""))"),239.0) -> 239 | E27: =ROUND(D27/$D$5*100,0) -> 58
A28: 23 | B28: 24981A05SH | C28: KAMMINANA MANASA | D28: =IFERROR(__xludf.DUMMYFUNCTION("IMPORTRANGE(""https://docs.google.com/spreadsheets/d/1pcI0H5_o88uChaoz3Jx8Lo2Z71zohG9q1pYbJLiJRZI/edit?gid=2034297422#gid=2034297422"", address(row($Z28),column($Z28),,,""CSE-N""))"),316.0) -> 316 | E28: =ROUND(D28/$D$5*100,0) -> 77
A29: 24 | B29: 24981A05SI | C29: KARUPATI ASIRVADAM | D29: =IFERROR(__xludf.DUMMYFUNCTION("IMPORTRANGE(""https://docs.google.com/spreadsheets/d/1pcI0H5_o88uChaoz3Jx8Lo2Z71zohG9q1pYbJLiJRZI/edit?gid=2034297422#gid=2034297422"", address(row($Z29),column($Z29),,,""CSE-N""))"),262.0) -> 262 | E29: =ROUND(D29/$D$5*100,0) -> 63
A30: 25 | B30: 24981A05SJ | C30: KASARLA CHARANKUMAR | D30: =IFERROR(__xludf.DUMMYFUNCTION("IMPORTRANGE(""https://docs.google.com/spreadsheets/d/1pcI0H5_o88uChaoz3Jx8Lo2Z71zohG9q1pYbJLiJRZI/edit?gid=2034297422#gid=2034297422"", address(row($Z30),column($Z30),,,""CSE-N""))"),292.0) -> 292 | E30: =ROUND(D30/$D$5*100,0) -> 71
A31: 26 | B31: 24981A05SK | C31: KATTA ACHYUTH KUMAR | D31: =IFERROR(__xludf.DUMMYFUNCTION("IMPORTRANGE(""https://docs.google.com/spreadsheets/d/1pcI0H5_o88uChaoz3Jx8Lo2Z71zohG9q1pYbJLiJRZI/edit?gid=2034297422#gid=2034297422"", address(row($Z31),column($Z31),,,""CSE-N""))"),253.0) -> 253 | E31: =ROUND(D31/$D$5*100,0) -> 61
A32: 27 | B32: 24981A05SL | C32: KOLLI KARTHIK | D32: =IFERROR(__xludf.DUMMYFUNCTION("IMPORTRANGE(""https://docs.google.com/spreadsheets/d/1pcI0H5_o88uChaoz3Jx8Lo2Z71zohG9q1pYbJLiJRZI/edit?gid=2034297422#gid=2034297422"", address(row($Z32),column($Z32),,,""CSE-N""))"),192.0) -> 192 | E32: =ROUND(D32/$D$5*100,0) -> 46
A33: 28 | B33: 24981A05SM | C33: KONDALA VASANTHA KUMAR | D33: =IFERROR(__xludf.DUMMYFUNCTION("IMPORTRANGE(""https://docs.google.com/spreadsheets/d/1pcI0H5_o88uChaoz3Jx8Lo2Z71zohG9q1pYbJLiJRZI/edit?gid=2034297422#gid=2034297422"", address(row($Z33),column($Z33),,,""CSE-N""))"),279.0) -> 279 | E33: =ROUND(D33/$D$5*100,0) -> 68
A34: 29 | B34: 24981A05SN | C34: KONNI LOKESH | D34: =IFERROR(__xludf.DUMMYFUNCTION("IMPORTRANGE(""https://docs.google.com/spreadsheets/d/1pcI0H5_o88uChaoz3Jx8Lo2Z71zohG9q1pYbJLiJRZI/edit?gid=2034297422#gid=2034297422"", address(row($Z34),column($Z34),,,""CSE-N""))"),373.0) -> 373 | E34: =ROUND(D34/$D$5*100,0) -> 90
A35: 30 | B35: 24981A05SP | C35: KOPPISETTI SATYA VENKATA SURYA DURGAPRASAD | D35: =IFERROR(__xludf.DUMMYFUNCTION("IMPORTRANGE(""https://docs.google.com/spreadsheets/d/1pcI0H5_o88uChaoz3Jx8Lo2Z71zohG9q1pYbJLiJRZI/edit?gid=2034297422#gid=2034297422"", address(row($Z35),column($Z35),,,""CSE-N""))"),340.0) -> 340 | E35: =ROUND(D35/$D$5*100,0) -> 82
A36: 31 | B36: 24981A05SQ | C36: KORRA CHANDANA | D36: =IFERROR(__xludf.DUMMYFUNCTION("IMPORTRANGE(""https://docs.google.com/spreadsheets/d/1pcI0H5_o88uChaoz3Jx8Lo2Z71zohG9q1pYbJLiJRZI/edit?gid=2034297422#gid=2034297422"", address(row($Z36),column($Z36),,,""CSE-N""))"),266.0) -> 266 | E36: =ROUND(D36/$D$5*100,0) -> 64
A37: 32 | B37: 24981A05SR | C37: KUKKALA ANAND | D37: =IFERROR(__xludf.DUMMYFUNCTION("IMPORTRANGE(""https://docs.google.com/spreadsheets/d/1pcI0H5_o88uChaoz3Jx8Lo2Z71zohG9q1pYbJLiJRZI/edit?gid=2034297422#gid=2034297422"", address(row($Z37),column($Z37),,,""CSE-N""))"),376.0) -> 376 | E37: =ROUND(D37/$D$5*100,0) -> 91
A38: 33 | B38: 24981A05SS | C38: LAKKIMSETTI LOHITH KUMARA SWAMY | D38: =IFERROR(__xludf.DUMMYFUNCTION("IMPORTRANGE(""https://docs.google.com/spreadsheets/d/1pcI0H5_o88uChaoz3Jx8Lo2Z71zohG9q1pYbJLiJRZI/edit?gid=2034297422#gid=2034297422"", address(row($Z38),column($Z38),,,""CSE-N""))"),251.0) -> 251 | E38: =ROUND(D38/$D$5*100,0) -> 61
A39: 34 | B39: 24981A05ST | C39: LOTLA SRI SATYA NAVADEEP | D39: =IFERROR(__xludf.DUMMYFUNCTION("IMPORTRANGE(""https://docs.google.com/spreadsheets/d/1pcI0H5_o88uChaoz3Jx8Lo2Z71zohG9q1pYbJLiJRZI/edit?gid=2034297422#gid=2034297422"", address(row($Z39),column($Z39),,,""CSE-N""))"),324.0) -> 324 | E39: =ROUND(D39/$D$5*100,0) -> 78
A40: 35 | B40: 24981A05SU | C40: MANIKANETULA MOUNIKA | D40: =IFERROR(__xludf.DUMMYFUNCTION("IMPORTRANGE(""https://docs.google.com/spreadsheets/d/1pcI0H5_o88uChaoz3Jx8Lo2Z71zohG9q1pYbJLiJRZI/edit?gid=2034297422#gid=2034297422"", address(row($Z40),column($Z40),,,""CSE-N""))"),349.0) -> 349 | E40: =ROUND(D40/$D$5*100,0) -> 85
A41: 36 | B41: 24981A05SV | C41: MADUGULA SAI DORA | D41: =IFERROR(__xludf.DUMMYFUNCTION("IMPORTRANGE(""https://docs.google.com/spreadsheets/d/1pcI0H5_o88uChaoz3Jx8Lo2Z71zohG9q1pYbJLiJRZI/edit?gid=2034297422#gid=2034297422"", address(row($Z41),column($Z41),,,""CSE-N""))"),220.0) -> 220 | E41: =ROUND(D41/$D$5*100,0) -> 53
A42: 37 | B42: 24981A05SW | C42: MAMIDI KARTHIK | D42: =IFERROR(__xludf.DUMMYFUNCTION("IMPORTRANGE(""https://docs.google.com/spreadsheets/d/1pcI0H5_o88uChaoz3Jx8Lo2Z71zohG9q1pYbJLiJRZI/edit?gid=2034297422#gid=2034297422"", address(row($Z42),column($Z42),,,""CSE-N""))"),186.0) -> 186 | E42: =ROUND(D42/$D$5*100,0) -> 45
A43: 38 | B43: 24981A05SX | C43: MATTA GIRIPRIYA | D43: =IFERROR(__xludf.DUMMYFUNCTION("IMPORTRANGE(""https://docs.google.com/spreadsheets/d/1pcI0H5_o88uChaoz3Jx8Lo2Z71zohG9q1pYbJLiJRZI/edit?gid=2034297422#gid=2034297422"", address(row($Z43),column($Z43),,,""CSE-N""))"),321.0) -> 321 | E43: =ROUND(D43/$D$5*100,0) -> 78
A44: 39 | B44: 24981A05SY | C44: METTA DEEPTHI | D44: =IFERROR(__xludf.DUMMYFUNCTION("IMPORTRANGE(""https://docs.google.com/spreadsheets/d/1pcI0H5_o88uChaoz3Jx8Lo2Z71zohG9q1pYbJLiJRZI/edit?gid=2034297422#gid=2034297422"", address(row($Z44),column($Z44),,,""CSE-N""))"),345.0) -> 345 | E44: =ROUND(D44/$D$5*100,0) -> 84
A45: 40 | B45: 24981A05SZ | C45: MODALAVALASA JYOTHI SWAROOP | D45: =IFERROR(__xludf.DUMMYFUNCTION("IMPORTRANGE(""https://docs.google.com/spreadsheets/d/1pcI0H5_o88uChaoz3Jx8Lo2Z71zohG9q1pYbJLiJRZI/edit?gid=2034297422#gid=2034297422"", address(row($Z45),column($Z45),,,""CSE-N""))"),250.0) -> 250 | E45: =ROUND(D45/$D$5*100,0) -> 61
A46: 41 | B46: 24981A05T0 | C46: MUHAMMAD AFZAL | D46: =IFERROR(__xludf.DUMMYFUNCTION("IMPORTRANGE(""https://docs.google.com/spreadsheets/d/1pcI0H5_o88uChaoz3Jx8Lo2Z71zohG9q1pYbJLiJRZI/edit?gid=2034297422#gid=2034297422"", address(row($Z46),column($Z46),,,""CSE-N""))"),363.0) -> 363 | E46: =ROUND(D46/$D$5*100,0) -> 88
A47: 42 | B47: 24981A05T1 | C47: N KAVYA KRISHNA | D47: =IFERROR(__xludf.DUMMYFUNCTION("IMPORTRANGE(""https://docs.google.com/spreadsheets/d/1pcI0H5_o88uChaoz3Jx8Lo2Z71zohG9q1pYbJLiJRZI/edit?gid=2034297422#gid=2034297422"", address(row($Z47),column($Z47),,,""CSE-N""))"),341.0) -> 341 | E47: =ROUND(D47/$D$5*100,0) -> 83
A48: 43 | B48: 24981A05T2 | C48: BEJJAMKI NARENDRA | D48: =IFERROR(__xludf.DUMMYFUNCTION("IMPORTRANGE(""https://docs.google.com/spreadsheets/d/1pcI0H5_o88uChaoz3Jx8Lo2Z71zohG9q1pYbJLiJRZI/edit?gid=2034297422#gid=2034297422"", address(row($Z48),column($Z48),,,""CSE-N""))"),208.0) -> 208 | E48: =ROUND(D48/$D$5*100,0) -> 50
A49: 44 | B49: 24981A05T3 | C49: PAIDI PARIMALA | D49: =IFERROR(__xludf.DUMMYFUNCTION("IMPORTRANGE(""https://docs.google.com/spreadsheets/d/1pcI0H5_o88uChaoz3Jx8Lo2Z71zohG9q1pYbJLiJRZI/edit?gid=2034297422#gid=2034297422"", address(row($Z49),column($Z49),,,""CSE-N""))"),273.0) -> 273 | E49: =ROUND(D49/$D$5*100,0) -> 66
A50: 45 | B50: 24981A05T4 | C50: PALLEKONDA SIRI CHANDANA | D50: =IFERROR(__xludf.DUMMYFUNCTION("IMPORTRANGE(""https://docs.google.com/spreadsheets/d/1pcI0H5_o88uChaoz3Jx8Lo2Z71zohG9q1pYbJLiJRZI/edit?gid=2034297422#gid=2034297422"", address(row($Z50),column($Z50),,,""CSE-N""))"),286.0) -> 286 | E50: =ROUND(D50/$D$5*100,0) -> 69
A51: 46 | B51: 24981A05T5 | C51: PANDRANKI CHANDRA SEKHAR | D51: =IFERROR(__xludf.DUMMYFUNCTION("IMPORTRANGE(""https://docs.google.com/spreadsheets/d/1pcI0H5_o88uChaoz3Jx8Lo2Z71zohG9q1pYbJLiJRZI/edit?gid=2034297422#gid=2034297422"", address(row($Z51),column($Z51),,,""CSE-N""))"),255.0) -> 255 | E51: =ROUND(D51/$D$5*100,0) -> 62
A52: 47 | B52: 24981A05T6 | C52: PARAPATI MAHESH | D52: =IFERROR(__xludf.DUMMYFUNCTION("IMPORTRANGE(""https://docs.google.com/spreadsheets/d/1pcI0H5_o88uChaoz3Jx8Lo2Z71zohG9q1pYbJLiJRZI/edit?gid=2034297422#gid=2034297422"", address(row($Z52),column($Z52),,,""CSE-N""))"),347.0) -> 347 | E52: =ROUND(D52/$D$5*100,0) -> 84
A53: 48 | B53: 24981A05T7 | C53: PEETANI JOSHI NAGA VENKATA SAILAKSHMI | D53: =IFERROR(__xludf.DUMMYFUNCTION("IMPORTRANGE(""https://docs.google.com/spreadsheets/d/1pcI0H5_o88uChaoz3Jx8Lo2Z71zohG9q1pYbJLiJRZI/edit?gid=2034297422#gid=2034297422"", address(row($Z53),column($Z53),,,""CSE-N""))"),318.0) -> 318 | E53: =ROUND(D53/$D$5*100,0) -> 77
A54: 49 | B54: 24981A05T8 | C54: RUTTALA KUMAR KARTHIK | D54: =IFERROR(__xludf.DUMMYFUNCTION("IMPORTRANGE(""https://docs.google.com/spreadsheets/d/1pcI0H5_o88uChaoz3Jx8Lo2Z71zohG9q1pYbJLiJRZI/edit?gid=2034297422#gid=2034297422"", address(row($Z54),column($Z54),,,""CSE-N""))"),360.0) -> 360 | E54: =ROUND(D54/$D$5*100,0) -> 87
A55: 50 | B55: 24981A05T9 | C55: RAGINI DEVI PRASAD | D55: =IFERROR(__xludf.DUMMYFUNCTION("IMPORTRANGE(""https://docs.google.com/spreadsheets/d/1pcI0H5_o88uChaoz3Jx8Lo2Z71zohG9q1pYbJLiJRZI/edit?gid=2034297422#gid=2034297422"", address(row($Z55),column($Z55),,,""CSE-N""))"),296.0) -> 296 | E55: =ROUND(D55/$D$5*100,0) -> 72
A56: 51 | B56: 24981A05TA | C56: RAMPATHOTI NANI BABU | D56: =IFERROR(__xludf.DUMMYFUNCTION("IMPORTRANGE(""https://docs.google.com/spreadsheets/d/1pcI0H5_o88uChaoz3Jx8Lo2Z71zohG9q1pYbJLiJRZI/edit?gid=2034297422#gid=2034297422"", address(row($Z56),column($Z56),,,""CSE-N""))"),273.0) -> 273 | E56: =ROUND(D56/$D$5*100,0) -> 66
A57: 52 | B57: 24981A05TB | C57: SAGIRAJU LOHITHVARMA | D57: =IFERROR(__xludf.DUMMYFUNCTION("IMPORTRANGE(""https://docs.google.com/spreadsheets/d/1pcI0H5_o88uChaoz3Jx8Lo2Z71zohG9q1pYbJLiJRZI/edit?gid=2034297422#gid=2034297422"", address(row($Z57),column($Z57),,,""CSE-N""))"),229.0) -> 229 | E57: =ROUND(D57/$D$5*100,0) -> 55
A58: 53 | B58: 24981A05TD | C58: SHAIK SHANVAZ | D58: =IFERROR(__xludf.DUMMYFUNCTION("IMPORTRANGE(""https://docs.google.com/spreadsheets/d/1pcI0H5_o88uChaoz3Jx8Lo2Z71zohG9q1pYbJLiJRZI/edit?gid=2034297422#gid=2034297422"", address(row($Z58),column($Z58),,,""CSE-N""))"),293.0) -> 293 | E58: =ROUND(D58/$D$5*100,0) -> 71
A59: 54 | B59: 24981A05TE | C59: TEPPALA MADHU | D59: =IFERROR(__xludf.DUMMYFUNCTION("IMPORTRANGE(""https://docs.google.com/spreadsheets/d/1pcI0H5_o88uChaoz3Jx8Lo2Z71zohG9q1pYbJLiJRZI/edit?gid=2034297422#gid=2034297422"", address(row($Z59),column($Z59),,,""CSE-N""))"),315.0) -> 315 | E59: =ROUND(D59/$D$5*100,0) -> 76
A60: 55 | B60: 24981A05TF | C60: THONTA SRINU | D60: =IFERROR(__xludf.DUMMYFUNCTION("IMPORTRANGE(""https://docs.google.com/spreadsheets/d/1pcI0H5_o88uChaoz3Jx8Lo2Z71zohG9q1pYbJLiJRZI/edit?gid=2034297422#gid=2034297422"", address(row($Z60),column($Z60),,,""CSE-N""))"),237.0) -> 237 | E60: =ROUND(D60/$D$5*100,0) -> 57
A61: 56 | B61: 24981A05TG | C61: TIPPANA HEMALATHA | D61: =IFERROR(__xludf.DUMMYFUNCTION("IMPORTRANGE(""https://docs.google.com/spreadsheets/d/1pcI0H5_o88uChaoz3Jx8Lo2Z71zohG9q1pYbJLiJRZI/edit?gid=2034297422#gid=2034297422"", address(row($Z61),column($Z61),,,""CSE-N""))"),335.0) -> 335 | E61: =ROUND(D61/$D$5*100,0) -> 81
A62: 57 | B62: 24981A05TH | C62: VADAREVU ANITHA | D62: =IFERROR(__xludf.DUMMYFUNCTION("IMPORTRANGE(""https://docs.google.com/spreadsheets/d/1pcI0H5_o88uChaoz3Jx8Lo2Z71zohG9q1pYbJLiJRZI/edit?gid=2034297422#gid=2034297422"", address(row($Z62),column($Z62),,,""CSE-N""))"),327.0) -> 327 | E62: =ROUND(D62/$D$5*100,0) -> 79
A63: 58 | B63: 24981A05TI | C63: VANACHARLA CHANDAN | D63: =IFERROR(__xludf.DUMMYFUNCTION("IMPORTRANGE(""https://docs.google.com/spreadsheets/d/1pcI0H5_o88uChaoz3Jx8Lo2Z71zohG9q1pYbJLiJRZI/edit?gid=2034297422#gid=2034297422"", address(row($Z63),column($Z63),,,""CSE-N""))"),371.0) -> 371 | E63: =ROUND(D63/$D$5*100,0) -> 90
A64: 59 | B64: 24981A05TJ | C64: VEERABATHINI STEFFI STRONG | D64: =IFERROR(__xludf.DUMMYFUNCTION("IMPORTRANGE(""https://docs.google.com/spreadsheets/d/1pcI0H5_o88uChaoz3Jx8Lo2Z71zohG9q1pYbJLiJRZI/edit?gid=2034297422#gid=2034297422"", address(row($Z64),column($Z64),,,""CSE-N""))"),305.0) -> 305 | E64: =ROUND(D64/$D$5*100,0) -> 74
A65: 60 | B65: 24981A05TK | C65: VELIGATLA PARDHU VENKATA SAI | D65: =IFERROR(__xludf.DUMMYFUNCTION("IMPORTRANGE(""https://docs.google.com/spreadsheets/d/1pcI0H5_o88uChaoz3Jx8Lo2Z71zohG9q1pYbJLiJRZI/edit?gid=2034297422#gid=2034297422"", address(row($Z65),column($Z65),,,""CSE-N""))"),290.0) -> 290 | E65: =ROUND(D65/$D$5*100,0) -> 70
A66: 61 | B66: 24981A05TL | C66: VILLA SAI TARISH | D66: =IFERROR(__xludf.DUMMYFUNCTION("IMPORTRANGE(""https://docs.google.com/spreadsheets/d/1pcI0H5_o88uChaoz3Jx8Lo2Z71zohG9q1pYbJLiJRZI/edit?gid=2034297422#gid=2034297422"", address(row($Z66),column($Z66),,,""CSE-N""))"),109.0) -> 109 | E66: =ROUND(D66/$D$5*100,0) -> 26
A67: 62 | B67: 24981A05TM | C67: YERUKALA TEJA | D67: =IFERROR(__xludf.DUMMYFUNCTION("IMPORTRANGE(""https://docs.google.com/spreadsheets/d/1pcI0H5_o88uChaoz3Jx8Lo2Z71zohG9q1pYbJLiJRZI/edit?gid=2034297422#gid=2034297422"", address(row($Z67),column($Z67),,,""CSE-N""))"),209.0) -> 209 | E67: =ROUND(D67/$D$5*100,0) -> 51
A68: 63 | B68: 24981A05TN | C68: GOLLAPALLI VIGNESH | D68: =IFERROR(__xludf.DUMMYFUNCTION("IMPORTRANGE(""https://docs.google.com/spreadsheets/d/1pcI0H5_o88uChaoz3Jx8Lo2Z71zohG9q1pYbJLiJRZI/edit?gid=2034297422#gid=2034297422"", address(row($Z68),column($Z68),,,""CSE-N""))"),168.0) -> 168 | E68: =ROUND(D68/$D$5*100,0) -> 41
A69: 64 | B69: 24981A05TP | C69: DARLA VENKATA DHANUSH | D69: =IFERROR(__xludf.DUMMYFUNCTION("IMPORTRANGE(""https://docs.google.com/spreadsheets/d/1pcI0H5_o88uChaoz3Jx8Lo2Z71zohG9q1pYbJLiJRZI/edit?gid=2034297422#gid=2034297422"", address(row($Z69),column($Z69),,,""CSE-N""))"),324.0) -> 324 | E69: =ROUND(D69/$D$5*100,0) -> 78
A70: 65 | B70: 24981A05TQ | C70: ALLAMSETTI VAMSI | D70: =IFERROR(__xludf.DUMMYFUNCTION("IMPORTRANGE(""https://docs.google.com/spreadsheets/d/1pcI0H5_o88uChaoz3Jx8Lo2Z71zohG9q1pYbJLiJRZI/edit?gid=2034297422#gid=2034297422"", address(row($Z70),column($Z70),,,""CSE-N""))"),248.0) -> 248 | E70: =ROUND(D70/$D$5*100,0) -> 60
A71: 66 | B71: 24981A05TR | C71: BANGARI NIVAS | D71: =IFERROR(__xludf.DUMMYFUNCTION("IMPORTRANGE(""https://docs.google.com/spreadsheets/d/1pcI0H5_o88uChaoz3Jx8Lo2Z71zohG9q1pYbJLiJRZI/edit?gid=2034297422#gid=2034297422"", address(row($Z71),column($Z71),,,""CSE-N""))"),282.0) -> 282 | E71: =ROUND(D71/$D$5*100,0) -> 68
A72: 67 | B72: 25985A0501 | C72: ADARI JAGAN | D72: =IFERROR(__xludf.DUMMYFUNCTION("IMPORTRANGE(""https://docs.google.com/spreadsheets/d/1pcI0H5_o88uChaoz3Jx8Lo2Z71zohG9q1pYbJLiJRZI/edit?gid=2034297422#gid=2034297422"", address(row($Z72),column($Z72),,,""CSE-N""))"),372.0) -> 372 | E72: =ROUND(D72/$D$5*100,0) -> 90
A73: 68 | B73: 25985A0502 | C73: ALLA VARSHITH | D73: =IFERROR(__xludf.DUMMYFUNCTION("IMPORTRANGE(""https://docs.google.com/spreadsheets/d/1pcI0H5_o88uChaoz3Jx8Lo2Z71zohG9q1pYbJLiJRZI/edit?gid=2034297422#gid=2034297422"", address(row($Z73),column($Z73),,,""CSE-N""))"),362.0) -> 362 | E73: =ROUND(D73/$D$5*100,0) -> 88
A74: 69 | B74: 25985A0503 | C74: ALUGOLU LOKESH | D74: =IFERROR(__xludf.DUMMYFUNCTION("IMPORTRANGE(""https://docs.google.com/spreadsheets/d/1pcI0H5_o88uChaoz3Jx8Lo2Z71zohG9q1pYbJLiJRZI/edit?gid=2034297422#gid=2034297422"", address(row($Z74),column($Z74),,,""CSE-N""))"),377.0) -> 377 | E74: =ROUND(D74/$D$5*100,0) -> 91
A75: 70 | B75: 25985A0504 | C75: AMARESU BHAVANA | D75: =IFERROR(__xludf.DUMMYFUNCTION("IMPORTRANGE(""https://docs.google.com/spreadsheets/d/1pcI0H5_o88uChaoz3Jx8Lo2Z71zohG9q1pYbJLiJRZI/edit?gid=2034297422#gid=2034297422"", address(row($Z75),column($Z75),,,""CSE-N""))"),365.0) -> 365 | E75: =ROUND(D75/$D$5*100,0) -> 88
A76: 71 | B76: 25985A0505 | C76: ANALA SANTHOSHINI | D76: =IFERROR(__xludf.DUMMYFUNCTION("IMPORTRANGE(""https://docs.google.com/spreadsheets/d/1pcI0H5_o88uChaoz3Jx8Lo2Z71zohG9q1pYbJLiJRZI/edit?gid=2034297422#gid=2034297422"", address(row($Z76),column($Z76),,,""CSE-N""))"),379.0) -> 379 | E76: =ROUND(D76/$D$5*100,0) -> 92
A77: 72 | B77: 25985A0506 | C77: ANDIBOYINA DURGA REVATHI | D77: =IFERROR(__xludf.DUMMYFUNCTION("IMPORTRANGE(""https://docs.google.com/spreadsheets/d/1pcI0H5_o88uChaoz3Jx8Lo2Z71zohG9q1pYbJLiJRZI/edit?gid=2034297422#gid=2034297422"", address(row($Z77),column($Z77),,,""CSE-N""))"),371.0) -> 371 | E77: =ROUND(D77/$D$5*100,0) -> 90
B79: CSE - N
B80: >75 | C80: =COUNTIF(E6:E77,">=75") -> 29
B81: >65 AND <74 | C81: =COUNTIFS(E6:E77,">=65",E6:E77,"<75") -> 14
B82: >50 AND <64 | C82: =COUNTIFS(E6:E77,">=50",E6:E77,"<65") -> 20
B83: >25 AND <49 | C83: =COUNTIFS(E6:E77,">=25",E6:E77,"<50") -> 8
B84: >1 AND <24 | C84: =COUNTIFS(E6:E77,">=1",E6:E77,"<25") -> 1
B85: =0 -> 0 | C85: =COUNTIFS(E6:E77,"=0") -> 0
C86: =SUM(C80:C85) -> 72

Sheet CSE-O
A1: RAGHU ENGINEERING COLLEGE (A)
A2: Department of CSE
A3: 2024 AB CSE-O(REC) II B.Tech I Semester Attendance as on 11.06.2025 onwards
A4: S.No | B4: Regd. No | C4: Name of the student | D4: Total | E4: Percentage
A5: Total classes taken till today | D5: =IFERROR(__xludf.DUMMYFUNCTION("IMPORTRANGE(""https://docs.google.com/spreadsheets/d/1pcI0H5_o88uChaoz3Jx8Lo2Z71zohG9q1pYbJLiJRZI/edit?gid=760579392#gid=760579392"", address(row($Z5),column($Z5),,,""CSE-O""))"),421.0) -> 421 | E5: %
A6: 1 | B6: 24981A05TS | C6: VANDANA THANU SRI | D6: =IFERROR(__xludf.DUMMYFUNCTION("IMPORTRANGE(""https://docs.google.com/spreadsheets/d/1pcI0H5_o88uChaoz3Jx8Lo2Z71zohG9q1pYbJLiJRZI/edit?gid=760579392#gid=760579392"", address(row($Z6),column($Z6),,,""CSE-O""))"),244.0) -> 244 | E6: =ROUND(D6/$D$5*100,0) -> 58
A7: 2 | B7: 24981A05TT | C7: BAKI SAI SRUJANA | D7: =IFERROR(__xludf.DUMMYFUNCTION("IMPORTRANGE(""https://docs.google.com/spreadsheets/d/1pcI0H5_o88uChaoz3Jx8Lo2Z71zohG9q1pYbJLiJRZI/edit?gid=760579392#gid=760579392"", address(row($Z7),column($Z7),,,""CSE-O""))"),387.0) -> 387 | E7: =ROUND(D7/$D$5*100,0) -> 92
A8: 3 | B8: 24981A05TU | C8: BOGADI VENI CHANDRIKA | D8: =IFERROR(__xludf.DUMMYFUNCTION("IMPORTRANGE(""https://docs.google.com/spreadsheets/d/1pcI0H5_o88uChaoz3Jx8Lo2Z71zohG9q1pYbJLiJRZI/edit?gid=760579392#gid=760579392"", address(row($Z8),column($Z8),,,""CSE-O""))"),388.0) -> 388 | E8: =ROUND(D8/$D$5*100,0) -> 92
A9: 4 | B9: 24981A05TV | C9: BOJJA VINEEL | D9: =IFERROR(__xludf.DUMMYFUNCTION("IMPORTRANGE(""https://docs.google.com/spreadsheets/d/1pcI0H5_o88uChaoz3Jx8Lo2Z71zohG9q1pYbJLiJRZI/edit?gid=760579392#gid=760579392"", address(row($Z9),column($Z9),,,""CSE-O""))"),170.0) -> 170 | E9: =ROUND(D9/$D$5*100,0) -> 40
A10: 5 | B10: 24981A05TW | C10: BOOSA LOKESWARI | D10: =IFERROR(__xludf.DUMMYFUNCTION("IMPORTRANGE(""https://docs.google.com/spreadsheets/d/1pcI0H5_o88uChaoz3Jx8Lo2Z71zohG9q1pYbJLiJRZI/edit?gid=760579392#gid=760579392"", address(row($Z10),column($Z10),,,""CSE-O""))"),234.0) -> 234 | E10: =ROUND(D10/$D$5*100,0) -> 56
A11: 6 | B11: 24981A05TX | C11: CHUKKA RESHMA | D11: =IFERROR(__xludf.DUMMYFUNCTION("IMPORTRANGE(""https://docs.google.com/spreadsheets/d/1pcI0H5_o88uChaoz3Jx8Lo2Z71zohG9q1pYbJLiJRZI/edit?gid=760579392#gid=760579392"", address(row($Z11),column($Z11),,,""CSE-O""))"),359.0) -> 359 | E11: =ROUND(D11/$D$5*100,0) -> 85
A12: 7 | B12: 24981A05TY | C12: DAGGUPATI KARTHIK | D12: =IFERROR(__xludf.DUMMYFUNCTION("IMPORTRANGE(""https://docs.google.com/spreadsheets/d/1pcI0H5_o88uChaoz3Jx8Lo2Z71zohG9q1pYbJLiJRZI/edit?gid=760579392#gid=760579392"", address(row($Z12),column($Z12),,,""CSE-O""))"),360.0) -> 360 | E12: =ROUND(D12/$D$5*100,0) -> 86
A13: 8 | B13: 24981A05TZ | C13: DAMARASINGI LAHARI | D13: =IFERROR(__xludf.DUMMYFUNCTION("IMPORTRANGE(""https://docs.google.com/spreadsheets/d/1pcI0H5_o88uChaoz3Jx8Lo2Z71zohG9q1pYbJLiJRZI/edit?gid=760579392#gid=760579392"", address(row($Z13),column($Z13),,,""CSE-O""))"),293.0) -> 293 | E13: =ROUND(D13/$D$5*100,0) -> 70
A14: 9 | B14: 24981A05U0 | C14: DONAKA HEPSIBHA | D14: =IFERROR(__xludf.DUMMYFUNCTION("IMPORTRANGE(""https://docs.google.com/spreadsheets/d/1pcI0H5_o88uChaoz3Jx8Lo2Z71zohG9q1pYbJLiJRZI/edit?gid=760579392#gid=760579392"", address(row($Z14),column($Z14),,,""CSE-O""))"),292.0) -> 292 | E14: =ROUND(D14/$D$5*100,0) -> 69
A15: 10 | B15: 24981A05U1 | C15: DOWLAPALLI YOGESH | D15: =IFERROR(__xludf.DUMMYFUNCTION("IMPORTRANGE(""https://docs.google.com/spreadsheets/d/1pcI0H5_o88uChaoz3Jx8Lo2Z71zohG9q1pYbJLiJRZI/edit?gid=760579392#gid=760579392"", address(row($Z15),column($Z15),,,""CSE-O""))"),297.0) -> 297 | E15: =ROUND(D15/$D$5*100,0) -> 71
A16: 11 | B16: 24981A05U2 | C16: DURGAM NEHAL NIHARIKA | D16: =IFERROR(__xludf.DUMMYFUNCTION("IMPORTRANGE(""https://docs.google.com/spreadsheets/d/1pcI0H5_o88uChaoz3Jx8Lo2Z71zohG9q1pYbJLiJRZI/edit?gid=760579392#gid=760579392"", address(row($Z16),column($Z16),,,""CSE-O""))"),0.0) -> 0 | E16: =ROUND(D16/$D$5*100,0) -> 0
A17: 12 | B17: 24981A05U3 | C17: EMANDI BHUVAN VENKATA SAI | D17: =IFERROR(__xludf.DUMMYFUNCTION("IMPORTRANGE(""https://docs.google.com/spreadsheets/d/1pcI0H5_o88uChaoz3Jx8Lo2Z71zohG9q1pYbJLiJRZI/edit?gid=760579392#gid=760579392"", address(row($Z17),column($Z17),,,""CSE-O""))"),326.0) -> 326 | E17: =ROUND(D17/$D$5*100,0) -> 77
A18: 13 | B18: 24981A05U5 | C18: GANDEPALLI JAYAPRAKASH | D18: =IFERROR(__xludf.DUMMYFUNCTION("IMPORTRANGE(""https://docs.google.com/spreadsheets/d/1pcI0H5_o88uChaoz3Jx8Lo2Z71zohG9q1pYbJLiJRZI/edit?gid=760579392#gid=760579392"", address(row($Z18),column($Z18),,,""CSE-O""))"),310.0) -> 310 | E18: =ROUND(D18/$D$5*100,0) -> 74
A19: 14 | B19: 24981A05U6 | C19: GINNI MOHAN SAI KUMAR REDDY | D19: =IFERROR(__xludf.DUMMYFUNCTION("IMPORTRANGE(""https://docs.google.com/spreadsheets/d/1pcI0H5_o88uChaoz3Jx8Lo2Z71zohG9q1pYbJLiJRZI/edit?gid=760579392#gid=760579392"", address(row($Z19),column($Z19),,,""CSE-O""))"),335.0) -> 335 | E19: =ROUND(D19/$D$5*100,0) -> 80
A20: 15 | B20: 24981A05U7 | C20: GUDIVADA KRISHNAVENI | D20: =IFERROR(__xludf.DUMMYFUNCTION("IMPORTRANGE(""https://docs.google.com/spreadsheets/d/1pcI0H5_o88uChaoz3Jx8Lo2Z71zohG9q1pYbJLiJRZI/edit?gid=760579392#gid=760579392"", address(row($Z20),column($Z20),,,""CSE-O""))"),388.0) -> 388 | E20: =ROUND(D20/$D$5*100,0) -> 92
A21: 16 | B21: 24981A05U8 | C21: GUJJELA DEVI | D21: =IFERROR(__xludf.DUMMYFUNCTION("IMPORTRANGE(""https://docs.google.com/spreadsheets/d/1pcI0H5_o88uChaoz3Jx8Lo2Z71zohG9q1pYbJLiJRZI/edit?gid=760579392#gid=760579392"", address(row($Z21),column($Z21),,,""CSE-O""))"),358.0) -> 358 | E21: =ROUND(D21/$D$5*100,0) -> 85
A22: 17 | B22: 24981A05U9 | C22: ILLURI ANAND BABU | D22: =IFERROR(__xludf.DUMMYFUNCTION("IMPORTRANGE(""https://docs.google.com/spreadsheets/d/1pcI0H5_o88uChaoz3Jx8Lo2Z71zohG9q1pYbJLiJRZI/edit?gid=760579392#gid=760579392"", address(row($Z22),column($Z22),,,""CSE-O""))"),167.0) -> 167 | E22: =ROUND(D22/$D$5*100,0) -> 40
A23: 18 | B23: 24981A05UA | C23: JEERU DHEERAJ REDDY | D23: =IFERROR(__xludf.DUMMYFUNCTION("IMPORTRANGE(""https://docs.google.com/spreadsheets/d/1pcI0H5_o88uChaoz3Jx8Lo2Z71zohG9q1pYbJLiJRZI/edit?gid=760579392#gid=760579392"", address(row($Z23),column($Z23),,,""CSE-O""))"),152.0) -> 152 | E23: =ROUND(D23/$D$5*100,0) -> 36
A24: 19 | B24: 24981A05UB | C24: JALUMURI TULASI | D24: =IFERROR(__xludf.DUMMYFUNCTION("IMPORTRANGE(""https://docs.google.com/spreadsheets/d/1pcI0H5_o88uChaoz3Jx8Lo2Z71zohG9q1pYbJLiJRZI/edit?gid=760579392#gid=760579392"", address(row($Z24),column($Z24),,,""CSE-O""))"),295.0) -> 295 | E24: =ROUND(D24/$D$5*100,0) -> 70
A25: 20 | B25: 24981A05UC | C25: JOSHUA ANTHONY SUDHAKAR | D25: =IFERROR(__xludf.DUMMYFUNCTION("IMPORTRANGE(""https://docs.google.com/spreadsheets/d/1pcI0H5_o88uChaoz3Jx8Lo2Z71zohG9q1pYbJLiJRZI/edit?gid=760579392#gid=760579392"", address(row($Z25),column($Z25),,,""CSE-O""))"),337.0) -> 337 | E25: =ROUND(D25/$D$5*100,0) -> 80
A26: 21 | B26: 24981A05UD | C26: KOMMANAMANCHI SAI HANISHA | D26: =IFERROR(__xludf.DUMMYFUNCTION("IMPORTRANGE(""https://docs.google.com/spreadsheets/d/1pcI0H5_o88uChaoz3Jx8Lo2Z71zohG9q1pYbJLiJRZI/edit?gid=760579392#gid=760579392"", address(row($Z26),column($Z26),,,""CSE-O""))"),251.0) -> 251 | E26: =ROUND(D26/$D$5*100,0) -> 60
A27: 22 | B27: 24981A05UE | C27: KORANANA MANIKANTA | D27: =IFERROR(__xludf.DUMMYFUNCTION("IMPORTRANGE(""https://docs.google.com/spreadsheets/d/1pcI0H5_o88uChaoz3Jx8Lo2Z71zohG9q1pYbJLiJRZI/edit?gid=760579392#gid=760579392"", address(row($Z27),column($Z27),,,""CSE-O""))"),148.0) -> 148 | E27: =ROUND(D27/$D$5*100,0) -> 35
A28: 23 | B28: 24981A05UF | C28: VEMULAMANDA SHANMUK SAI SANTHOSH VARMA | D28: =IFERROR(__xludf.DUMMYFUNCTION("IMPORTRANGE(""https://docs.google.com/spreadsheets/d/1pcI0H5_o88uChaoz3Jx8Lo2Z71zohG9q1pYbJLiJRZI/edit?gid=760579392#gid=760579392"", address(row($Z28),column($Z28),,,""CSE-O""))"),170.0) -> 170 | E28: =ROUND(D28/$D$5*100,0) -> 40
A29: 24 | B29: 24981A05UG | C29: KAMBAPU BHAVANI | D29: =IFERROR(__xludf.DUMMYFUNCTION("IMPORTRANGE(""https://docs.google.com/spreadsheets/d/1pcI0H5_o88uChaoz3Jx8Lo2Z71zohG9q1pYbJLiJRZI/edit?gid=760579392#gid=760579392"", address(row($Z29),column($Z29),,,""CSE-O""))"),328.0) -> 328 | E29: =ROUND(D29/$D$5*100,0) -> 78
A30: 25 | B30: 24981A05UH | C30: KANDIKATLA KEERTAN RAHUL SIDDU | D30: =IFERROR(__xludf.DUMMYFUNCTION("IMPORTRANGE(""https://docs.google.com/spreadsheets/d/1pcI0H5_o88uChaoz3Jx8Lo2Z71zohG9q1pYbJLiJRZI/edit?gid=760579392#gid=760579392"", address(row($Z30),column($Z30),,,""CSE-O""))"),105.0) -> 105 | E30: =ROUND(D30/$D$5*100,0) -> 25
A31: 26 | B31: 24981A05UI | C31: YELLETI JYOTHI | D31: =IFERROR(__xludf.DUMMYFUNCTION("IMPORTRANGE(""https://docs.google.com/spreadsheets/d/1pcI0H5_o88uChaoz3Jx8Lo2Z71zohG9q1pYbJLiJRZI/edit?gid=760579392#gid=760579392"", address(row($Z31),column($Z31),,,""CSE-O""))"),307.0) -> 307 | E31: =ROUND(D31/$D$5*100,0) -> 73
A32: 27 | B32: 24981A05UJ | C32: KARINKI DINESH | D32: =IFERROR(__xludf.DUMMYFUNCTION("IMPORTRANGE(""https://docs.google.com/spreadsheets/d/1pcI0H5_o88uChaoz3Jx8Lo2Z71zohG9q1pYbJLiJRZI/edit?gid=760579392#gid=760579392"", address(row($Z32),column($Z32),,,""CSE-O""))"),176.0) -> 176 | E32: =ROUND(D32/$D$5*100,0) -> 42
A33: 28 | B33: 24981A05UK | C33: KOLA NOMIKA | D33: =IFERROR(__xludf.DUMMYFUNCTION("IMPORTRANGE(""https://docs.google.com/spreadsheets/d/1pcI0H5_o88uChaoz3Jx8Lo2Z71zohG9q1pYbJLiJRZI/edit?gid=760579392#gid=760579392"", address(row($Z33),column($Z33),,,""CSE-O""))"),346.0) -> 346 | E33: =ROUND(D33/$D$5*100,0) -> 82
A34: 29 | B34: 24981A05UL | C34: KOMMOJU VYSHNAVI | D34: =IFERROR(__xludf.DUMMYFUNCTION("IMPORTRANGE(""https://docs.google.com/spreadsheets/d/1pcI0H5_o88uChaoz3Jx8Lo2Z71zohG9q1pYbJLiJRZI/edit?gid=760579392#gid=760579392"", address(row($Z34),column($Z34),,,""CSE-O""))"),326.0) -> 326 | E34: =ROUND(D34/$D$5*100,0) -> 77
A35: 30 | B35: 24981A05UM | C35: KONAKALLA HEMANTH BABU | D35: =IFERROR(__xludf.DUMMYFUNCTION("IMPORTRANGE(""https://docs.google.com/spreadsheets/d/1pcI0H5_o88uChaoz3Jx8Lo2Z71zohG9q1pYbJLiJRZI/edit?gid=760579392#gid=760579392"", address(row($Z35),column($Z35),,,""CSE-O""))"),226.0) -> 226 | E35: =ROUND(D35/$D$5*100,0) -> 54
A36: 31 | B36: 24981A05UN | C36: KORUPOLU CHANDRIKA | D36: =IFERROR(__xludf.DUMMYFUNCTION("IMPORTRANGE(""https://docs.google.com/spreadsheets/d/1pcI0H5_o88uChaoz3Jx8Lo2Z71zohG9q1pYbJLiJRZI/edit?gid=760579392#gid=760579392"", address(row($Z36),column($Z36),,,""CSE-O""))"),210.0) -> 210 | E36: =ROUND(D36/$D$5*100,0) -> 50
A37: 32 | B37: 24981A05UP | C37: KOTHURU SAI CHARAN | D37: =IFERROR(__xludf.DUMMYFUNCTION("IMPORTRANGE(""https://docs.google.com/spreadsheets/d/1pcI0H5_o88uChaoz3Jx8Lo2Z71zohG9q1pYbJLiJRZI/edit?gid=760579392#gid=760579392"", address(row($Z37),column($Z37),,,""CSE-O""))"),205.0) -> 205 | E37: =ROUND(D37/$D$5*100,0) -> 49
A38: 33 | B38: 24981A05UQ | C38: KOTTALA JAYANTHI | D38: =IFERROR(__xludf.DUMMYFUNCTION("IMPORTRANGE(""https://docs.google.com/spreadsheets/d/1pcI0H5_o88uChaoz3Jx8Lo2Z71zohG9q1pYbJLiJRZI/edit?gid=760579392#gid=760579392"", address(row($Z38),column($Z38),,,""CSE-O""))"),307.0) -> 307 | E38: =ROUND(D38/$D$5*100,0) -> 73
A39: 34 | B39: 24981A05UR | C39: LIMMI PRAVEEN BISAI | D39: =IFERROR(__xludf.DUMMYFUNCTION("IMPORTRANGE(""https://docs.google.com/spreadsheets/d/1pcI0H5_o88uChaoz3Jx8Lo2Z71zohG9q1pYbJLiJRZI/edit?gid=760579392#gid=760579392"", address(row($Z39),column($Z39),,,""CSE-O""))"),77.0) -> 77 | E39: =ROUND(D39/$D$5*100,0) -> 18
A40: 35 | B40: 24981A05US | C40: MOLLI CHANDRA KIRAN YADAV | D40: =IFERROR(__xludf.DUMMYFUNCTION("IMPORTRANGE(""https://docs.google.com/spreadsheets/d/1pcI0H5_o88uChaoz3Jx8Lo2Z71zohG9q1pYbJLiJRZI/edit?gid=760579392#gid=760579392"", address(row($Z40),column($Z40),,,""CSE-O""))"),262.0) -> 262 | E40: =ROUND(D40/$D$5*100,0) -> 62
A41: 36 | B41: 24981A05UT | C41: MANDAVILLI SOHITHA | D41: =IFERROR(__xludf.DUMMYFUNCTION("IMPORTRANGE(""https://docs.google.com/spreadsheets/d/1pcI0H5_o88uChaoz3Jx8Lo2Z71zohG9q1pYbJLiJRZI/edit?gid=760579392#gid=760579392"", address(row($Z41),column($Z41),,,""CSE-O""))"),308.0) -> 308 | E41: =ROUND(D41/$D$5*100,0) -> 73
A42: 37 | B42: 24981A05UU | C42: MEESALA JYOTHI SAI | D42: =IFERROR(__xludf.DUMMYFUNCTION("IMPORTRANGE(""https://docs.google.com/spreadsheets/d/1pcI0H5_o88uChaoz3Jx8Lo2Z71zohG9q1pYbJLiJRZI/edit?gid=760579392#gid=760579392"", address(row($Z42),column($Z42),,,""CSE-O""))"),304.0) -> 304 | E42: =ROUND(D42/$D$5*100,0) -> 72
A43: 38 | B43: 24981A05UV | C43: MEHNAZ ZAHERA | D43: =IFERROR(__xludf.DUMMYFUNCTION("IMPORTRANGE(""https://docs.google.com/spreadsheets/d/1pcI0H5_o88uChaoz3Jx8Lo2Z71zohG9q1pYbJLiJRZI/edit?gid=760579392#gid=760579392"", address(row($Z43),column($Z43),,,""CSE-O""))"),319.0) -> 319 | E43: =ROUND(D43/$D$5*100,0) -> 76
A44: 39 | B44: 24981A05UW | C44: MOHAMMAD ASMA | D44: =IFERROR(__xludf.DUMMYFUNCTION("IMPORTRANGE(""https://docs.google.com/spreadsheets/d/1pcI0H5_o88uChaoz3Jx8Lo2Z71zohG9q1pYbJLiJRZI/edit?gid=760579392#gid=760579392"", address(row($Z44),column($Z44),,,""CSE-O""))"),278.0) -> 278 | E44: =ROUND(D44/$D$5*100,0) -> 66
A45: 40 | B45: 24981A05UX | C45: MOSYA SIDDARTH JAIN | D45: =IFERROR(__xludf.DUMMYFUNCTION("IMPORTRANGE(""https://docs.google.com/spreadsheets/d/1pcI0H5_o88uChaoz3Jx8Lo2Z71zohG9q1pYbJLiJRZI/edit?gid=760579392#gid=760579392"", address(row($Z45),column($Z45),,,""CSE-O""))"),198.0) -> 198 | E45: =ROUND(D45/$D$5*100,0) -> 47
A46: 41 | B46: 24981A05UY | C46: MULLA DAAYANA | D46: =IFERROR(__xludf.DUMMYFUNCTION("IMPORTRANGE(""https://docs.google.com/spreadsheets/d/1pcI0H5_o88uChaoz3Jx8Lo2Z71zohG9q1pYbJLiJRZI/edit?gid=760579392#gid=760579392"", address(row($Z46),column($Z46),,,""CSE-O""))"),285.0) -> 285 | E46: =ROUND(D46/$D$5*100,0) -> 68
A47: 42 | B47: 24981A05UZ | C47: MUNUKOTI VENKATA KARTHIK | D47: =IFERROR(__xludf.DUMMYFUNCTION("IMPORTRANGE(""https://docs.google.com/spreadsheets/d/1pcI0H5_o88uChaoz3Jx8Lo2Z71zohG9q1pYbJLiJRZI/edit?gid=760579392#gid=760579392"", address(row($Z47),column($Z47),,,""CSE-O""))"),397.0) -> 397 | E47: =ROUND(D47/$D$5*100,0) -> 94
A48: 43 | B48: 24981A05V0 | C48: NAKKA BHAVANA REDDY | D48: =IFERROR(__xludf.DUMMYFUNCTION("IMPORTRANGE(""https://docs.google.com/spreadsheets/d/1pcI0H5_o88uChaoz3Jx8Lo2Z71zohG9q1pYbJLiJRZI/edit?gid=760579392#gid=760579392"", address(row($Z48),column($Z48),,,""CSE-O""))"),181.0) -> 181 | E48: =ROUND(D48/$D$5*100,0) -> 43
A49: 44 | B49: 24981A05V1 | C49: NAGALA MOUNIKA | D49: =IFERROR(__xludf.DUMMYFUNCTION("IMPORTRANGE(""https://docs.google.com/spreadsheets/d/1pcI0H5_o88uChaoz3Jx8Lo2Z71zohG9q1pYbJLiJRZI/edit?gid=760579392#gid=760579392"", address(row($Z49),column($Z49),,,""CSE-O""))"),199.0) -> 199 | E49: =ROUND(D49/$D$5*100,0) -> 47
A50: 45 | B50: 24981A05V2 | C50: NAGAVARAPU KUSUMA KUMARI | D50: =IFERROR(__xludf.DUMMYFUNCTION("IMPORTRANGE(""https://docs.google.com/spreadsheets/d/1pcI0H5_o88uChaoz3Jx8Lo2Z71zohG9q1pYbJLiJRZI/edit?gid=760579392#gid=760579392"", address(row($Z50),column($Z50),,,""CSE-O""))"),369.0) -> 369 | E50: =ROUND(D50/$D$5*100,0) -> 88
A51: 46 | B51: 24981A05V3 | C51: NEELLA KARUNA KUMAR | D51: =IFERROR(__xludf.DUMMYFUNCTION("IMPORTRANGE(""https://docs.google.com/spreadsheets/d/1pcI0H5_o88uChaoz3Jx8Lo2Z71zohG9q1pYbJLiJRZI/edit?gid=760579392#gid=760579392"", address(row($Z51),column($Z51),,,""CSE-O""))"),290.0) -> 290 | E51: =ROUND(D51/$D$5*100,0) -> 69
A52: 47 | B52: 24981A05V4 | C52: YENNI MEENAKSHI | D52: =IFERROR(__xludf.DUMMYFUNCTION("IMPORTRANGE(""https://docs.google.com/spreadsheets/d/1pcI0H5_o88uChaoz3Jx8Lo2Z71zohG9q1pYbJLiJRZI/edit?gid=760579392#gid=760579392"", address(row($Z52),column($Z52),,,""CSE-O""))"),299.0) -> 299 | E52: =ROUND(D52/$D$5*100,0) -> 71
A53: 48 | B53: 24981A05V5 | C53: NERELLA DINESH KUMARI | D53: =IFERROR(__xludf.DUMMYFUNCTION("IMPORTRANGE(""https://docs.google.com/spreadsheets/d/1pcI0H5_o88uChaoz3Jx8Lo2Z71zohG9q1pYbJLiJRZI/edit?gid=760579392#gid=760579392"", address(row($Z53),column($Z53),,,""CSE-O""))"),319.0) -> 319 | E53: =ROUND(D53/$D$5*100,0) -> 76
A54: 49 | B54: 24981A05V6 | C54: NETALA SUKUMAR | D54: =IFERROR(__xludf.DUMMYFUNCTION("IMPORTRANGE(""https://docs.google.com/spreadsheets/d/1pcI0H5_o88uChaoz3Jx8Lo2Z71zohG9q1pYbJLiJRZI/edit?gid=760579392#gid=760579392"", address(row($Z54),column($Z54),,,""CSE-O""))"),212.0) -> 212 | E54: =ROUND(D54/$D$5*100,0) -> 50
A55: 50 | B55: 24981A05V7 | C55: PONUGUPATY SAI PAVAN | D55: =IFERROR(__xludf.DUMMYFUNCTION("IMPORTRANGE(""https://docs.google.com/spreadsheets/d/1pcI0H5_o88uChaoz3Jx8Lo2Z71zohG9q1pYbJLiJRZI/edit?gid=760579392#gid=760579392"", address(row($Z55),column($Z55),,,""CSE-O""))"),325.0) -> 325 | E55: =ROUND(D55/$D$5*100,0) -> 77
A56: 51 | B56: 24981A05V8 | C56: PULLETI SAMPATH | D56: =IFERROR(__xludf.DUMMYFUNCTION("IMPORTRANGE(""https://docs.google.com/spreadsheets/d/1pcI0H5_o88uChaoz3Jx8Lo2Z71zohG9q1pYbJLiJRZI/edit?gid=760579392#gid=760579392"", address(row($Z56),column($Z56),,,""CSE-O""))"),199.0) -> 199 | E56: =ROUND(D56/$D$5*100,0) -> 47
A57: 52 | B57: 24981A05V9 | C57: PEDAPATI BHARATH KUMAR | D57: =IFERROR(__xludf.DUMMYFUNCTION("IMPORTRANGE(""https://docs.google.com/spreadsheets/d/1pcI0H5_o88uChaoz3Jx8Lo2Z71zohG9q1pYbJLiJRZI/edit?gid=760579392#gid=760579392"", address(row($Z57),column($Z57),,,""CSE-O""))"),317.0) -> 317 | E57: =ROUND(D57/$D$5*100,0) -> 75
A58: 53 | B58: 24981A05VA | C58: PILLA VAMSI | D58: =IFERROR(__xludf.DUMMYFUNCTION("IMPORTRANGE(""https://docs.google.com/spreadsheets/d/1pcI0H5_o88uChaoz3Jx8Lo2Z71zohG9q1pYbJLiJRZI/edit?gid=760579392#gid=760579392"", address(row($Z58),column($Z58),,,""CSE-O""))"),156.0) -> 156 | E58: =ROUND(D58/$D$5*100,0) -> 37
A59: 54 | B59: 24981A05VB | C59: POTLA DILEEP | D59: =IFERROR(__xludf.DUMMYFUNCTION("IMPORTRANGE(""https://docs.google.com/spreadsheets/d/1pcI0H5_o88uChaoz3Jx8Lo2Z71zohG9q1pYbJLiJRZI/edit?gid=760579392#gid=760579392"", address(row($Z59),column($Z59),,,""CSE-O""))"),315.0) -> 315 | E59: =ROUND(D59/$D$5*100,0) -> 75
A60: 55 | B60: 24981A05VC | C60: SESETTI KUSHAL KUMAR | D60: =IFERROR(__xludf.DUMMYFUNCTION("IMPORTRANGE(""https://docs.google.com/spreadsheets/d/1pcI0H5_o88uChaoz3Jx8Lo2Z71zohG9q1pYbJLiJRZI/edit?gid=760579392#gid=760579392"", address(row($Z60),column($Z60),,,""CSE-O""))"),232.0) -> 232 | E60: =ROUND(D60/$D$5*100,0) -> 55
A61: 56 | B61: 24981A05VD | C61: ABDUL RASHED | D61: =IFERROR(__xludf.DUMMYFUNCTION("IMPORTRANGE(""https://docs.google.com/spreadsheets/d/1pcI0H5_o88uChaoz3Jx8Lo2Z71zohG9q1pYbJLiJRZI/edit?gid=760579392#gid=760579392"", address(row($Z61),column($Z61),,,""CSE-O""))"),203.0) -> 203 | E61: =ROUND(D61/$D$5*100,0) -> 48
A62: 57 | B62: 24981A05VE | C62: SHAIK ALTHAF | D62: =IFERROR(__xludf.DUMMYFUNCTION("IMPORTRANGE(""https://docs.google.com/spreadsheets/d/1pcI0H5_o88uChaoz3Jx8Lo2Z71zohG9q1pYbJLiJRZI/edit?gid=760579392#gid=760579392"", address(row($Z62),column($Z62),,,""CSE-O""))"),126.0) -> 126 | E62: =ROUND(D62/$D$5*100,0) -> 30
A63: 58 | B63: 24981A05VF | C63: SHAIK SHAMEEM BHANU | D63: =IFERROR(__xludf.DUMMYFUNCTION("IMPORTRANGE(""https://docs.google.com/spreadsheets/d/1pcI0H5_o88uChaoz3Jx8Lo2Z71zohG9q1pYbJLiJRZI/edit?gid=760579392#gid=760579392"", address(row($Z63),column($Z63),,,""CSE-O""))"),311.0) -> 311 | E63: =ROUND(D63/$D$5*100,0) -> 74
A64: 59 | B64: 24981A05VG | C64: SIMMALA SAILAJA | D64: =IFERROR(__xludf.DUMMYFUNCTION("IMPORTRANGE(""https://docs.google.com/spreadsheets/d/1pcI0H5_o88uChaoz3Jx8Lo2Z71zohG9q1pYbJLiJRZI/edit?gid=760579392#gid=760579392"", address(row($Z64),column($Z64),,,""CSE-O""))"),254.0) -> 254 | E64: =ROUND(D64/$D$5*100,0) -> 60
A65: 60 | B65: 24981A05VH | C65: SONDI RAHUL | D65: =IFERROR(__xludf.DUMMYFUNCTION("IMPORTRANGE(""https://docs.google.com/spreadsheets/d/1pcI0H5_o88uChaoz3Jx8Lo2Z71zohG9q1pYbJLiJRZI/edit?gid=760579392#gid=760579392"", address(row($Z65),column($Z65),,,""CSE-O""))"),324.0) -> 324 | E65: =ROUND(D65/$D$5*100,0) -> 77
A66: 61 | B66: 24981A05VI | C66: SURADA KIRANMAYI | D66: =IFERROR(__xludf.DUMMYFUNCTION("IMPORTRANGE(""https://docs.google.com/spreadsheets/d/1pcI0H5_o88uChaoz3Jx8Lo2Z71zohG9q1pYbJLiJRZI/edit?gid=760579392#gid=760579392"", address(row($Z66),column($Z66),,,""CSE-O""))"),379.0) -> 379 | E66: =ROUND(D66/$D$5*100,0) -> 90
A67: 62 | B67: 24981A05VJ | C67: SUVVARI SAILAJA | D67: =IFERROR(__xludf.DUMMYFUNCTION("IMPORTRANGE(""https://docs.google.com/spreadsheets/d/1pcI0H5_o88uChaoz3Jx8Lo2Z71zohG9q1pYbJLiJRZI/edit?gid=760579392#gid=760579392"", address(row($Z67),column($Z67),,,""CSE-O""))"),346.0) -> 346 | E67: =ROUND(D67/$D$5*100,0) -> 82
A68: 63 | B68: 24981A05VK | C68: UPPADA KEERTHI | D68: =IFERROR(__xludf.DUMMYFUNCTION("IMPORTRANGE(""https://docs.google.com/spreadsheets/d/1pcI0H5_o88uChaoz3Jx8Lo2Z71zohG9q1pYbJLiJRZI/edit?gid=760579392#gid=760579392"", address(row($Z68),column($Z68),,,""CSE-O""))"),259.0) -> 259 | E68: =ROUND(D68/$D$5*100,0) -> 62
A69: 64 | B69: 24981A05VL | C69: VANAPALLI DINESH | D69: =IFERROR(__xludf.DUMMYFUNCTION("IMPORTRANGE(""https://docs.google.com/spreadsheets/d/1pcI0H5_o88uChaoz3Jx8Lo2Z71zohG9q1pYbJLiJRZI/edit?gid=760579392#gid=760579392"", address(row($Z69),column($Z69),,,""CSE-O""))"),346.0) -> 346 | E69: =ROUND(D69/$D$5*100,0) -> 82
A70: 65 | B70: 24981A05VM | C70: VANKA RISHI | D70: =IFERROR(__xludf.DUMMYFUNCTION("IMPORTRANGE(""https://docs.google.com/spreadsheets/d/1pcI0H5_o88uChaoz3Jx8Lo2Z71zohG9q1pYbJLiJRZI/edit?gid=760579392#gid=760579392"", address(row($Z70),column($Z70),,,""CSE-O""))"),200.0) -> 200 | E70: =ROUND(D70/$D$5*100,0) -> 48
A71: 66 | B71: 24981A05VN | C71: ATHIKINASETTI AKASH | D71: =IFERROR(__xludf.DUMMYFUNCTION("IMPORTRANGE(""https://docs.google.com/spreadsheets/d/1pcI0H5_o88uChaoz3Jx8Lo2Z71zohG9q1pYbJLiJRZI/edit?gid=760579392#gid=760579392"", address(row($Z71),column($Z71),,,""CSE-O""))"),148.0) -> 148 | E71: =ROUND(D71/$D$5*100,0) -> 35
A72: 67 | B72: 24981A05VP | C72: BORA HARSHAVARDHAN REDDY | D72: =IFERROR(__xludf.DUMMYFUNCTION("IMPORTRANGE(""https://docs.google.com/spreadsheets/d/1pcI0H5_o88uChaoz3Jx8Lo2Z71zohG9q1pYbJLiJRZI/edit?gid=760579392#gid=760579392"", address(row($Z72),column($Z72),,,""CSE-O""))"),137.0) -> 137 | E72: =ROUND(D72/$D$5*100,0) -> 33
A73: 68 | B73: 24981A05VQ | C73: BILLASONTI KSHANDINI | D73: =IFERROR(__xludf.DUMMYFUNCTION("IMPORTRANGE(""https://docs.google.com/spreadsheets/d/1pcI0H5_o88uChaoz3Jx8Lo2Z71zohG9q1pYbJLiJRZI/edit?gid=760579392#gid=760579392"", address(row($Z73),column($Z73),,,""CSE-O""))"),308.0) -> 308 | E73: =ROUND(D73/$D$5*100,0) -> 73
A74: 69 | B74: 24981A05VS | C74: ABDUL SHAHID | D74: =IFERROR(__xludf.DUMMYFUNCTION("IMPORTRANGE(""https://docs.google.com/spreadsheets/d/1pcI0H5_o88uChaoz3Jx8Lo2Z71zohG9q1pYbJLiJRZI/edit?gid=760579392#gid=760579392"", address(row($Z74),column($Z74),,,""CSE-O""))"),294.0) -> 294 | E74: =ROUND(D74/$D$5*100,0) -> 70
A75: 70 | B75: 23981A05AJ | C75: VARTHANA VISHNU VARDHAN NANI BABU | D75: =IFERROR(__xludf.DUMMYFUNCTION("IMPORTRANGE(""https://docs.google.com/spreadsheets/d/1pcI0H5_o88uChaoz3Jx8Lo2Z71zohG9q1pYbJLiJRZI/edit?gid=760579392#gid=760579392"", address(row($Z75),column($Z75),,,""CSE-O""))"),0.0) -> 0 | E75: =ROUND(D75/$D$5*100,0) -> 0
A76: 71 | B76: 23981A05J9 | C76: GAZULA VINUSHA HANI | D76: =IFERROR(__xludf.DUMMYFUNCTION("IMPORTRANGE(""https://docs.google.com/spreadsheets/d/1pcI0H5_o88uChaoz3Jx8Lo2Z71zohG9q1pYbJLiJRZI/edit?gid=760579392#gid=760579392"", address(row($Z76),column($Z76),,,""CSE-O""))"),0.0) -> 0 | E76: =ROUND(D76/$D$5*100,0) -> 0
B78: CSE - O
B79: >75 | C79: =COUNTIF(E5:E76,">=75") -> 23
B80: >65 AND <74 | C80: =COUNTIFS(E5:E76,">=65",E5:E76,"<75") -> 16
B81: >50 AND <64 | C81: =COUNTIFS(E5:E76,">=50",E5:E76,"<65") -> 10
B82: >25 AND <49 | C82: =COUNTIFS(E5:E76,">=25",E5:E76,"<50") -> 18
B83: >1 AND <24 | C83: =COUNTIFS(E5:E76,">=1",E5:E76,"<25") -> 1
B84: =0 -> 0 | C84: =COUNTIFS(E5:E76,"=0") -> 3
C85: =SUM(C79:C84) -> 71

Sheet CSE-P
A1: RAGHU ENGINEERING COLLEGE (A)
A2: Department of CSE
A3: 2025 AB CSE-P (REC) II B.Tech I Semester Attendance as on 11.06.2.205 onwards
A4: S.No | B4: Regd. No | C4: Name of the student | D4: Total | E4: Percentage
A5: Total classes taken till today | D5: =IFERROR(__xludf.DUMMYFUNCTION("IMPORTRANGE(""https://docs.google.com/spreadsheets/d/1pcI0H5_o88uChaoz3Jx8Lo2Z71zohG9q1pYbJLiJRZI/edit?gid=1794106843#gid=1794106843"", address(row($Z5),column($Z5),,,""CSE-P""))"),153.0) -> 153 | E5: %
A6: 1 | B6: 25985A0507 | C6: ANGULURI LAHARI | D6: =IFERROR(__xludf.DUMMYFUNCTION("IMPORTRANGE(""https://docs.google.com/spreadsheets/d/1pcI0H5_o88uChaoz3Jx8Lo2Z71zohG9q1pYbJLiJRZI/edit?gid=1794106843#gid=1794106843"", address(row($Z6),column($Z6),,,""CSE-P""))"),54.0) -> 54 | E6: =ROUND(D6/$D$5*100,0) -> 35
A7: 2 | B7: 25985A0508 | C7: AVANIGADDA VINAY | D7: =IFERROR(__xludf.DUMMYFUNCTION("IMPORTRANGE(""https://docs.google.com/spreadsheets/d/1pcI0H5_o88uChaoz3Jx8Lo2Z71zohG9q1pYbJLiJRZI/edit?gid=1794106843#gid=1794106843"", address(row($Z7),column($Z7),,,""CSE-P""))"),100.0) -> 100 | E7: =ROUND(D7/$D$5*100,0) -> 65
A8: 3 | B8: 25985A0509 | C8: BAIPOTHU GEYASRI | D8: =IFERROR(__xludf.DUMMYFUNCTION("IMPORTRANGE(""https://docs.google.com/spreadsheets/d/1pcI0H5_o88uChaoz3Jx8Lo2Z71zohG9q1pYbJLiJRZI/edit?gid=1794106843#gid=1794106843"", address(row($Z8),column($Z8),,,""CSE-P""))"),119.0) -> 119 | E8: =ROUND(D8/$D$5*100,0) -> 78
A9: 4 | B9: 25985A0510 | C9: BALI MAHESH BABU | D9: =IFERROR(__xludf.DUMMYFUNCTION("IMPORTRANGE(""https://docs.google.com/spreadsheets/d/1pcI0H5_o88uChaoz3Jx8Lo2Z71zohG9q1pYbJLiJRZI/edit?gid=1794106843#gid=1794106843"", address(row($Z9),column($Z9),,,""CSE-P""))"),122.0) -> 122 | E9: =ROUND(D9/$D$5*100,0) -> 80
A10: 5 | B10: 25985A0511 | C10: BALLA ANJI AKASH | D10: =IFERROR(__xludf.DUMMYFUNCTION("IMPORTRANGE(""https://docs.google.com/spreadsheets/d/1pcI0H5_o88uChaoz3Jx8Lo2Z71zohG9q1pYbJLiJRZI/edit?gid=1794106843#gid=1794106843"", address(row($Z10),column($Z10),,,""CSE-P""))"),43.0) -> 43 | E10: =ROUND(D10/$D$5*100,0) -> 28
A11: 6 | B11: 25985A0512 | C11: BANDELA GANESH | D11: =IFERROR(__xludf.DUMMYFUNCTION("IMPORTRANGE(""https://docs.google.com/spreadsheets/d/1pcI0H5_o88uChaoz3Jx8Lo2Z71zohG9q1pYbJLiJRZI/edit?gid=1794106843#gid=1794106843"", address(row($Z11),column($Z11),,,""CSE-P""))"),102.0) -> 102 | E11: =ROUND(D11/$D$5*100,0) -> 67
A12: 7 | B12: 25985A0513 | C12: BARNIKALA NITHIN | D12: =IFERROR(__xludf.DUMMYFUNCTION("IMPORTRANGE(""https://docs.google.com/spreadsheets/d/1pcI0H5_o88uChaoz3Jx8Lo2Z71zohG9q1pYbJLiJRZI/edit?gid=1794106843#gid=1794106843"", address(row($Z12),column($Z12),,,""CSE-P""))"),135.0) -> 135 | E12: =ROUND(D12/$D$5*100,0) -> 88
A13: 8 | B13: 25985A0514 | C13: BHIMAVARAPU GEETHU | D13: =IFERROR(__xludf.DUMMYFUNCTION("IMPORTRANGE(""https://docs.google.com/spreadsheets/d/1pcI0H5_o88uChaoz3Jx8Lo2Z71zohG9q1pYbJLiJRZI/edit?gid=1794106843#gid=1794106843"", address(row($Z13),column($Z13),,,""CSE-P""))"),132.0) -> 132 | E13: =ROUND(D13/$D$5*100,0) -> 86
A14: 9 | B14: 25985A0515 | C14: BODAPUDI DEVI PAVANI | D14: =IFERROR(__xludf.DUMMYFUNCTION("IMPORTRANGE(""https://docs.google.com/spreadsheets/d/1pcI0H5_o88uChaoz3Jx8Lo2Z71zohG9q1pYbJLiJRZI/edit?gid=1794106843#gid=1794106843"", address(row($Z14),column($Z14),,,""CSE-P""))"),140.0) -> 140 | E14: =ROUND(D14/$D$5*100,0) -> 92
A15: 10 | B15: 25985A0516 | C15: BODDU AKSHY KUMAR | D15: =IFERROR(__xludf.DUMMYFUNCTION("IMPORTRANGE(""https://docs.google.com/spreadsheets/d/1pcI0H5_o88uChaoz3Jx8Lo2Z71zohG9q1pYbJLiJRZI/edit?gid=1794106843#gid=1794106843"", address(row($Z15),column($Z15),,,""CSE-P""))"),65.0) -> 65 | E15: =ROUND(D15/$D$5*100,0) -> 42
A16: 11 | B16: 25985A0517 | C16: BOJJA MADHUSUDHAN RAO | D16: =IFERROR(__xludf.DUMMYFUNCTION("IMPORTRANGE(""https://docs.google.com/spreadsheets/d/1pcI0H5_o88uChaoz3Jx8Lo2Z71zohG9q1pYbJLiJRZI/edit?gid=1794106843#gid=1794106843"", address(row($Z16),column($Z16),,,""CSE-P""))"),133.0) -> 133 | E16: =ROUND(D16/$D$5*100,0) -> 87
A17: 12 | B17: 25985A0518 | C17: BOTCHU MOKSHA SAI | D17: =IFERROR(__xludf.DUMMYFUNCTION("IMPORTRANGE(""https://docs.google.com/spreadsheets/d/1pcI0H5_o88uChaoz3Jx8Lo2Z71zohG9q1pYbJLiJRZI/edit?gid=1794106843#gid=1794106843"", address(row($Z17),column($Z17),,,""CSE-P""))"),116.0) -> 116 | E17: =ROUND(D17/$D$5*100,0) -> 76
A18: 13 | B18: 25985A0519 | C18: BURAGAPU LASYA CHANDRIKA | D18: =IFERROR(__xludf.DUMMYFUNCTION("IMPORTRANGE(""https://docs.google.com/spreadsheets/d/1pcI0H5_o88uChaoz3Jx8Lo2Z71zohG9q1pYbJLiJRZI/edit?gid=1794106843#gid=1794106843"", address(row($Z18),column($Z18),,,""CSE-P""))"),123.0) -> 123 | E18: =ROUND(D18/$D$5*100,0) -> 80
A19: 14 | B19: 25985A0520 | C19: BUTHADA VINAY | D19: =IFERROR(__xludf.DUMMYFUNCTION("IMPORTRANGE(""https://docs.google.com/spreadsheets/d/1pcI0H5_o88uChaoz3Jx8Lo2Z71zohG9q1pYbJLiJRZI/edit?gid=1794106843#gid=1794106843"", address(row($Z19),column($Z19),,,""CSE-P""))"),11.0) -> 11 | E19: =ROUND(D19/$D$5*100,0) -> 7
A20: 15 | B20: 25985A0521 | C20: BYRISETTI KAMALESH | D20: =IFERROR(__xludf.DUMMYFUNCTION("IMPORTRANGE(""https://docs.google.com/spreadsheets/d/1pcI0H5_o88uChaoz3Jx8Lo2Z71zohG9q1pYbJLiJRZI/edit?gid=1794106843#gid=1794106843"", address(row($Z20),column($Z20),,,""CSE-P""))"),132.0) -> 132 | E20: =ROUND(D20/$D$5*100,0) -> 86
A21: 16 | B21: 25985A0522 | C21: CHATLA SNEHA | D21: =IFERROR(__xludf.DUMMYFUNCTION("IMPORTRANGE(""https://docs.google.com/spreadsheets/d/1pcI0H5_o88uChaoz3Jx8Lo2Z71zohG9q1pYbJLiJRZI/edit?gid=1794106843#gid=1794106843"", address(row($Z21),column($Z21),,,""CSE-P""))"),87.0) -> 87 | E21: =ROUND(D21/$D$5*100,0) -> 57
A22: 17 | B22: 25985A0523 | C22: CHEEKATLA UDAY SAI BHASKAR | D22: =IFERROR(__xludf.DUMMYFUNCTION("IMPORTRANGE(""https://docs.google.com/spreadsheets/d/1pcI0H5_o88uChaoz3Jx8Lo2Z71zohG9q1pYbJLiJRZI/edit?gid=1794106843#gid=1794106843"", address(row($Z22),column($Z22),,,""CSE-P""))"),7.0) -> 7 | E22: =ROUND(D22/$D$5*100,0) -> 5
A23: 18 | B23: 25985A0524 | C23: CHIKKALA ROHITH KUMAR | D23: =IFERROR(__xludf.DUMMYFUNCTION("IMPORTRANGE(""https://docs.google.com/spreadsheets/d/1pcI0H5_o88uChaoz3Jx8Lo2Z71zohG9q1pYbJLiJRZI/edit?gid=1794106843#gid=1794106843"", address(row($Z23),column($Z23),,,""CSE-P""))"),129.0) -> 129 | E23: =ROUND(D23/$D$5*100,0) -> 84
A24: 19 | B24: 25985A0525 | C24: CHILAKA SUVARNA KUMARI | D24: =IFERROR(__xludf.DUMMYFUNCTION("IMPORTRANGE(""https://docs.google.com/spreadsheets/d/1pcI0H5_o88uChaoz3Jx8Lo2Z71zohG9q1pYbJLiJRZI/edit?gid=1794106843#gid=1794106843"", address(row($Z24),column($Z24),,,""CSE-P""))"),114.0) -> 114 | E24: =ROUND(D24/$D$5*100,0) -> 75
A25: 20 | B25: 25985A0526 | C25: CHINTAPALLI SAI | D25: =IFERROR(__xludf.DUMMYFUNCTION("IMPORTRANGE(""https://docs.google.com/spreadsheets/d/1pcI0H5_o88uChaoz3Jx8Lo2Z71zohG9q1pYbJLiJRZI/edit?gid=1794106843#gid=1794106843"", address(row($Z25),column($Z25),,,""CSE-P""))"),132.0) -> 132 | E25: =ROUND(D25/$D$5*100,0) -> 86
A26: 21 | B26: 25985A0527 | C26: CHITTURI SAMUEL | D26: =IFERROR(__xludf.DUMMYFUNCTION("IMPORTRANGE(""https://docs.google.com/spreadsheets/d/1pcI0H5_o88uChaoz3Jx8Lo2Z71zohG9q1pYbJLiJRZI/edit?gid=1794106843#gid=1794106843"", address(row($Z26),column($Z26),,,""CSE-P""))"),108.0) -> 108 | E26: =ROUND(D26/$D$5*100,0) -> 71
A27: 22 | B27: 25985A0528 | C27: DANABALA SAILAJA | D27: =IFERROR(__xludf.DUMMYFUNCTION("IMPORTRANGE(""https://docs.google.com/spreadsheets/d/1pcI0H5_o88uChaoz3Jx8Lo2Z71zohG9q1pYbJLiJRZI/edit?gid=1794106843#gid=1794106843"", address(row($Z27),column($Z27),,,""CSE-P""))"),137.0) -> 137 | E27: =ROUND(D27/$D$5*100,0) -> 90
A28: 23 | B28: 25985A0529 | C28: DEVAGANUGULA N V D S S KOTESH | D28: =IFERROR(__xludf.DUMMYFUNCTION("IMPORTRANGE(""https://docs.google.com/spreadsheets/d/1pcI0H5_o88uChaoz3Jx8Lo2Z71zohG9q1pYbJLiJRZI/edit?gid=1794106843#gid=1794106843"", address(row($Z28),column($Z28),,,""CSE-P""))"),119.0) -> 119 | E28: =ROUND(D28/$D$5*100,0) -> 78
A29: 24 | B29: 25985A0530 | C29: DINESH KUMAR CHIDARABOYINA | D29: =IFERROR(__xludf.DUMMYFUNCTION("IMPORTRANGE(""https://docs.google.com/spreadsheets/d/1pcI0H5_o88uChaoz3Jx8Lo2Z71zohG9q1pYbJLiJRZI/edit?gid=1794106843#gid=1794106843"", address(row($Z29),column($Z29),,,""CSE-P""))"),146.0) -> 146 | E29: =ROUND(D29/$D$5*100,0) -> 95
A30: 25 | B30: 25985A0531 | C30: DOPPALAPUDI HEMANTH | D30: =IFERROR(__xludf.DUMMYFUNCTION("IMPORTRANGE(""https://docs.google.com/spreadsheets/d/1pcI0H5_o88uChaoz3Jx8Lo2Z71zohG9q1pYbJLiJRZI/edit?gid=1794106843#gid=1794106843"", address(row($Z30),column($Z30),,,""CSE-P""))"),108.0) -> 108 | E30: =ROUND(D30/$D$5*100,0) -> 71
A31: 26 | B31: 25985A0532 | C31: DUVVARAPU YASWANTH | D31: =IFERROR(__xludf.DUMMYFUNCTION("IMPORTRANGE(""https://docs.google.com/spreadsheets/d/1pcI0H5_o88uChaoz3Jx8Lo2Z71zohG9q1pYbJLiJRZI/edit?gid=1794106843#gid=1794106843"", address(row($Z31),column($Z31),,,""CSE-P""))"),124.0) -> 124 | E31: =ROUND(D31/$D$5*100,0) -> 81
A32: 27 | B32: 25985A0533 | C32: ELAPANDA PURNIMA | D32: =IFERROR(__xludf.DUMMYFUNCTION("IMPORTRANGE(""https://docs.google.com/spreadsheets/d/1pcI0H5_o88uChaoz3Jx8Lo2Z71zohG9q1pYbJLiJRZI/edit?gid=1794106843#gid=1794106843"", address(row($Z32),column($Z32),,,""CSE-P""))"),126.0) -> 126 | E32: =ROUND(D32/$D$5*100,0) -> 82
A33: 28 | B33: 25985A0534 | C33: GEDDAM SANJAY KUMAR | D33: =IFERROR(__xludf.DUMMYFUNCTION("IMPORTRANGE(""https://docs.google.com/spreadsheets/d/1pcI0H5_o88uChaoz3Jx8Lo2Z71zohG9q1pYbJLiJRZI/edit?gid=1794106843#gid=1794106843"", address(row($Z33),column($Z33),,,""CSE-P""))"),111.0) -> 111 | E33: =ROUND(D33/$D$5*100,0) -> 73
A34: 29 | B34: 25985A0535 | C34: GOPASANA ANUSH KUMAR | D34: =IFERROR(__xludf.DUMMYFUNCTION("IMPORTRANGE(""https://docs.google.com/spreadsheets/d/1pcI0H5_o88uChaoz3Jx8Lo2Z71zohG9q1pYbJLiJRZI/edit?gid=1794106843#gid=1794106843"", address(row($Z34),column($Z34),,,""CSE-P""))"),88.0) -> 88 | E34: =ROUND(D34/$D$5*100,0) -> 58
A35: 30 | B35: 25985A0536 | C35: GOTTAPU BHANU PRAKASH | D35: =IFERROR(__xludf.DUMMYFUNCTION("IMPORTRANGE(""https://docs.google.com/spreadsheets/d/1pcI0H5_o88uChaoz3Jx8Lo2Z71zohG9q1pYbJLiJRZI/edit?gid=1794106843#gid=1794106843"", address(row($Z35),column($Z35),,,""CSE-P""))"),111.0) -> 111 | E35: =ROUND(D35/$D$5*100,0) -> 73
A36: 31 | B36: 25985A0537 | C36: GUDURI KUMARA VEERA VENKATA SUBRAHMANYAM | D36: =IFERROR(__xludf.DUMMYFUNCTION("IMPORTRANGE(""https://docs.google.com/spreadsheets/d/1pcI0H5_o88uChaoz3Jx8Lo2Z71zohG9q1pYbJLiJRZI/edit?gid=1794106843#gid=1794106843"", address(row($Z36),column($Z36),,,""CSE-P""))"),113.0) -> 113 | E36: =ROUND(D36/$D$5*100,0) -> 74
A37: 32 | B37: 25985A0538 | C37: GUNTUR PAVAN | D37: =IFERROR(__xludf.DUMMYFUNCTION("IMPORTRANGE(""https://docs.google.com/spreadsheets/d/1pcI0H5_o88uChaoz3Jx8Lo2Z71zohG9q1pYbJLiJRZI/edit?gid=1794106843#gid=1794106843"", address(row($Z37),column($Z37),,,""CSE-P""))"),95.0) -> 95 | E37: =ROUND(D37/$D$5*100,0) -> 62
A38: 33 | B38: 25985A0539 | C38: GURAJAPU THARUN | D38: =IFERROR(__xludf.DUMMYFUNCTION("IMPORTRANGE(""https://docs.google.com/spreadsheets/d/1pcI0H5_o88uChaoz3Jx8Lo2Z71zohG9q1pYbJLiJRZI/edit?gid=1794106843#gid=1794106843"", address(row($Z38),column($Z38),,,""CSE-P""))"),119.0) -> 119 | E38: =ROUND(D38/$D$5*100,0) -> 78
A39: 34 | B39: 25985A0540 | C39: GURANA SWAPNA | D39: =IFERROR(__xludf.DUMMYFUNCTION("IMPORTRANGE(""https://docs.google.com/spreadsheets/d/1pcI0H5_o88uChaoz3Jx8Lo2Z71zohG9q1pYbJLiJRZI/edit?gid=1794106843#gid=1794106843"", address(row($Z39),column($Z39),,,""CSE-P""))"),140.0) -> 140 | E39: =ROUND(D39/$D$5*100,0) -> 92
A40: 35 | B40: 25985A0541 | C40: ILAPARTHI ISSAKU | D40: =IFERROR(__xludf.DUMMYFUNCTION("IMPORTRANGE(""https://docs.google.com/spreadsheets/d/1pcI0H5_o88uChaoz3Jx8Lo2Z71zohG9q1pYbJLiJRZI/edit?gid=1794106843#gid=1794106843"", address(row($Z40),column($Z40),,,""CSE-P""))"),107.0) -> 107 | E40: =ROUND(D40/$D$5*100,0) -> 70
A41: 36 | B41: 25985A0542 | C41: JALLU KUSUMA | D41: =IFERROR(__xludf.DUMMYFUNCTION("IMPORTRANGE(""https://docs.google.com/spreadsheets/d/1pcI0H5_o88uChaoz3Jx8Lo2Z71zohG9q1pYbJLiJRZI/edit?gid=1794106843#gid=1794106843"", address(row($Z41),column($Z41),,,""CSE-P""))"),122.0) -> 122 | E41: =ROUND(D41/$D$5*100,0) -> 80
A42: 37 | B42: 25985A0543 | C42: JAMAMU ESWARA RAO | D42: =IFERROR(__xludf.DUMMYFUNCTION("IMPORTRANGE(""https://docs.google.com/spreadsheets/d/1pcI0H5_o88uChaoz3Jx8Lo2Z71zohG9q1pYbJLiJRZI/edit?gid=1794106843#gid=1794106843"", address(row($Z42),column($Z42),,,""CSE-P""))"),114.0) -> 114 | E42: =ROUND(D42/$D$5*100,0) -> 75
A43: 38 | B43: 25985A0544 | C43: JAMI CHARITHA | D43: =IFERROR(__xludf.DUMMYFUNCTION("IMPORTRANGE(""https://docs.google.com/spreadsheets/d/1pcI0H5_o88uChaoz3Jx8Lo2Z71zohG9q1pYbJLiJRZI/edit?gid=1794106843#gid=1794106843"", address(row($Z43),column($Z43),,,""CSE-P""))"),122.0) -> 122 | E43: =ROUND(D43/$D$5*100,0) -> 80
A44: 39 | B44: 25985A0545 | C44: JANAPAREDDY YOGAMRUTHA | D44: =IFERROR(__xludf.DUMMYFUNCTION("IMPORTRANGE(""https://docs.google.com/spreadsheets/d/1pcI0H5_o88uChaoz3Jx8Lo2Z71zohG9q1pYbJLiJRZI/edit?gid=1794106843#gid=1794106843"", address(row($Z44),column($Z44),,,""CSE-P""))"),123.0) -> 123 | E44: =ROUND(D44/$D$5*100,0) -> 80
A45: 40 | B45: 25985A0546 | C45: JANGILI BUNNY | D45: =IFERROR(__xludf.DUMMYFUNCTION("IMPORTRANGE(""https://docs.google.com/spreadsheets/d/1pcI0H5_o88uChaoz3Jx8Lo2Z71zohG9q1pYbJLiJRZI/edit?gid=1794106843#gid=1794106843"", address(row($Z45),column($Z45),,,""CSE-P""))"),10.0) -> 10 | E45: =ROUND(D45/$D$5*100,0) -> 7
A46: 41 | B46: 25985A0547 | C46: JEELAKARRA RAJESH | D46: =IFERROR(__xludf.DUMMYFUNCTION("IMPORTRANGE(""https://docs.google.com/spreadsheets/d/1pcI0H5_o88uChaoz3Jx8Lo2Z71zohG9q1pYbJLiJRZI/edit?gid=1794106843#gid=1794106843"", address(row($Z46),column($Z46),,,""CSE-P""))"),103.0) -> 103 | E46: =ROUND(D46/$D$5*100,0) -> 67
A47: 42 | B47: 25985A0548 | C47: KALLA JASWANTH | D47: =IFERROR(__xludf.DUMMYFUNCTION("IMPORTRANGE(""https://docs.google.com/spreadsheets/d/1pcI0H5_o88uChaoz3Jx8Lo2Z71zohG9q1pYbJLiJRZI/edit?gid=1794106843#gid=1794106843"", address(row($Z47),column($Z47),,,""CSE-P""))"),115.0) -> 115 | E47: =ROUND(D47/$D$5*100,0) -> 75
A48: 43 | B48: 25985A0549 | C48: KAMANA SAI SANTHOSH | D48: =IFERROR(__xludf.DUMMYFUNCTION("IMPORTRANGE(""https://docs.google.com/spreadsheets/d/1pcI0H5_o88uChaoz3Jx8Lo2Z71zohG9q1pYbJLiJRZI/edit?gid=1794106843#gid=1794106843"", address(row($Z48),column($Z48),,,""CSE-P""))"),113.0) -> 113 | E48: =ROUND(D48/$D$5*100,0) -> 74
A49: 44 | B49: 25985A0550 | C49: KAMBALA DHANUSH KUMAR | D49: =IFERROR(__xludf.DUMMYFUNCTION("IMPORTRANGE(""https://docs.google.com/spreadsheets/d/1pcI0H5_o88uChaoz3Jx8Lo2Z71zohG9q1pYbJLiJRZI/edit?gid=1794106843#gid=1794106843"", address(row($Z49),column($Z49),,,""CSE-P""))"),114.0) -> 114 | E49: =ROUND(D49/$D$5*100,0) -> 75
A50: 45 | B50: 25985A0551 | C50: KANAPAREDDY SAI MOHAN | D50: =IFERROR(__xludf.DUMMYFUNCTION("IMPORTRANGE(""https://docs.google.com/spreadsheets/d/1pcI0H5_o88uChaoz3Jx8Lo2Z71zohG9q1pYbJLiJRZI/edit?gid=1794106843#gid=1794106843"", address(row($Z50),column($Z50),,,""CSE-P""))"),105.0) -> 105 | E50: =ROUND(D50/$D$5*100,0) -> 69
A51: 46 | B51: 25985A0552 | C51: KANITHI NEHA | D51: =IFERROR(__xludf.DUMMYFUNCTION("IMPORTRANGE(""https://docs.google.com/spreadsheets/d/1pcI0H5_o88uChaoz3Jx8Lo2Z71zohG9q1pYbJLiJRZI/edit?gid=1794106843#gid=1794106843"", address(row($Z51),column($Z51),,,""CSE-P""))"),109.0) -> 109 | E51: =ROUND(D51/$D$5*100,0) -> 71
A52: 47 | B52: 25985A0553 | C52: KANITHI VENKATARAMANA | D52: =IFERROR(__xludf.DUMMYFUNCTION("IMPORTRANGE(""https://docs.google.com/spreadsheets/d/1pcI0H5_o88uChaoz3Jx8Lo2Z71zohG9q1pYbJLiJRZI/edit?gid=1794106843#gid=1794106843"", address(row($Z52),column($Z52),,,""CSE-P""))"),108.0) -> 108 | E52: =ROUND(D52/$D$5*100,0) -> 71
A53: 48 | B53: 25985A0554 | C53: KANUGULA THRINAYANI | D53: =IFERROR(__xludf.DUMMYFUNCTION("IMPORTRANGE(""https://docs.google.com/spreadsheets/d/1pcI0H5_o88uChaoz3Jx8Lo2Z71zohG9q1pYbJLiJRZI/edit?gid=1794106843#gid=1794106843"", address(row($Z53),column($Z53),,,""CSE-P""))"),113.0) -> 113 | E53: =ROUND(D53/$D$5*100,0) -> 74
A54: 49 | B54: 25985A0555 | C54: KAPU DINESH | D54: =IFERROR(__xludf.DUMMYFUNCTION("IMPORTRANGE(""https://docs.google.com/spreadsheets/d/1pcI0H5_o88uChaoz3Jx8Lo2Z71zohG9q1pYbJLiJRZI/edit?gid=1794106843#gid=1794106843"", address(row($Z54),column($Z54),,,""CSE-P""))"),125.0) -> 125 | E54: =ROUND(D54/$D$5*100,0) -> 82
A55: 50 | B55: 25985A0556 | C55: KARANAM SRAVANI | D55: =IFERROR(__xludf.DUMMYFUNCTION("IMPORTRANGE(""https://docs.google.com/spreadsheets/d/1pcI0H5_o88uChaoz3Jx8Lo2Z71zohG9q1pYbJLiJRZI/edit?gid=1794106843#gid=1794106843"", address(row($Z55),column($Z55),,,""CSE-P""))"),135.0) -> 135 | E55: =ROUND(D55/$D$5*100,0) -> 88
A56: 51 | B56: 25985A0557 | C56: KARUKOLA AKHIL | D56: =IFERROR(__xludf.DUMMYFUNCTION("IMPORTRANGE(""https://docs.google.com/spreadsheets/d/1pcI0H5_o88uChaoz3Jx8Lo2Z71zohG9q1pYbJLiJRZI/edit?gid=1794106843#gid=1794106843"", address(row($Z56),column($Z56),,,""CSE-P""))"),131.0) -> 131 | E56: =ROUND(D56/$D$5*100,0) -> 86
A57: 52 | B57: 25985A0558 | C57: KELLA BHARGAV VENKATA NAGA TEJA | D57: =IFERROR(__xludf.DUMMYFUNCTION("IMPORTRANGE(""https://docs.google.com/spreadsheets/d/1pcI0H5_o88uChaoz3Jx8Lo2Z71zohG9q1pYbJLiJRZI/edit?gid=1794106843#gid=1794106843"", address(row($Z57),column($Z57),,,""CSE-P""))"),108.0) -> 108 | E57: =ROUND(D57/$D$5*100,0) -> 71
A58: 53 | B58: 25985A0559 | C58: KILLANA DILLESWARI | D58: =IFERROR(__xludf.DUMMYFUNCTION("IMPORTRANGE(""https://docs.google.com/spreadsheets/d/1pcI0H5_o88uChaoz3Jx8Lo2Z71zohG9q1pYbJLiJRZI/edit?gid=1794106843#gid=1794106843"", address(row($Z58),column($Z58),,,""CSE-P""))"),109.0) -> 109 | E58: =ROUND(D58/$D$5*100,0) -> 71
A59: 54 | B59: 25985A0560 | C59: KOLLI DIVAKAR SAI KRISHNA | D59: =IFERROR(__xludf.DUMMYFUNCTION("IMPORTRANGE(""https://docs.google.com/spreadsheets/d/1pcI0H5_o88uChaoz3Jx8Lo2Z71zohG9q1pYbJLiJRZI/edit?gid=1794106843#gid=1794106843"", address(row($Z59),column($Z59),,,""CSE-P""))"),109.0) -> 109 | E59: =ROUND(D59/$D$5*100,0) -> 71
A60: 55 | B60: 25985A0561 | C60: KOLUSU HARI BABU | D60: =IFERROR(__xludf.DUMMYFUNCTION("IMPORTRANGE(""https://docs.google.com/spreadsheets/d/1pcI0H5_o88uChaoz3Jx8Lo2Z71zohG9q1pYbJLiJRZI/edit?gid=1794106843#gid=1794106843"", address(row($Z60),column($Z60),,,""CSE-P""))"),111.0) -> 111 | E60: =ROUND(D60/$D$5*100,0) -> 73
A61: 56 | B61: 25985A0562 | C61: KOPPISETTI SANTOSHKUMAR | D61: =IFERROR(__xludf.DUMMYFUNCTION("IMPORTRANGE(""https://docs.google.com/spreadsheets/d/1pcI0H5_o88uChaoz3Jx8Lo2Z71zohG9q1pYbJLiJRZI/edit?gid=1794106843#gid=1794106843"", address(row($Z61),column($Z61),,,""CSE-P""))"),66.0) -> 66 | E61: =ROUND(D61/$D$5*100,0) -> 43
A62: 57 | B62: 25985A0563 | C62: KORUKONDA DAVID BLESSON | D62: =IFERROR(__xludf.DUMMYFUNCTION("IMPORTRANGE(""https://docs.google.com/spreadsheets/d/1pcI0H5_o88uChaoz3Jx8Lo2Z71zohG9q1pYbJLiJRZI/edit?gid=1794106843#gid=1794106843"", address(row($Z62),column($Z62),,,""CSE-P""))"),105.0) -> 105 | E62: =ROUND(D62/$D$5*100,0) -> 69
A63: 58 | B63: 25985A0564 | C63: KOTA REENA MAITHILI | D63: =IFERROR(__xludf.DUMMYFUNCTION("IMPORTRANGE(""https://docs.google.com/spreadsheets/d/1pcI0H5_o88uChaoz3Jx8Lo2Z71zohG9q1pYbJLiJRZI/edit?gid=1794106843#gid=1794106843"", address(row($Z63),column($Z63),,,""CSE-P""))"),24.0) -> 24 | E63: =ROUND(D63/$D$5*100,0) -> 16
A64: 59 | B64: 25985A0565 | C64: KOTUPALLI KAVYA | D64: =IFERROR(__xludf.DUMMYFUNCTION("IMPORTRANGE(""https://docs.google.com/spreadsheets/d/1pcI0H5_o88uChaoz3Jx8Lo2Z71zohG9q1pYbJLiJRZI/edit?gid=1794106843#gid=1794106843"", address(row($Z64),column($Z64),,,""CSE-P""))"),106.0) -> 106 | E64: =ROUND(D64/$D$5*100,0) -> 69
A65: 60 | B65: 25985A0566 | C65: KUDUPUDI PAVAN SAI SATISH | D65: =IFERROR(__xludf.DUMMYFUNCTION("IMPORTRANGE(""https://docs.google.com/spreadsheets/d/1pcI0H5_o88uChaoz3Jx8Lo2Z71zohG9q1pYbJLiJRZI/edit?gid=1794106843#gid=1794106843"", address(row($Z65),column($Z65),,,""CSE-P""))"),122.0) -> 122 | E65: =ROUND(D65/$D$5*100,0) -> 80
A66: 61 | B66: 25985A0567 | C66: KUMMARAGUNTA POOJITHA | D66: =IFERROR(__xludf.DUMMYFUNCTION("IMPORTRANGE(""https://docs.google.com/spreadsheets/d/1pcI0H5_o88uChaoz3Jx8Lo2Z71zohG9q1pYbJLiJRZI/edit?gid=1794106843#gid=1794106843"", address(row($Z66),column($Z66),,,""CSE-P""))"),113.0) -> 113 | E66: =ROUND(D66/$D$5*100,0) -> 74
A67: 62 | B67: 25985A0568 | C67: KUMPATLA PULLAYYA NAIDU | D67: =IFERROR(__xludf.DUMMYFUNCTION("IMPORTRANGE(""https://docs.google.com/spreadsheets/d/1pcI0H5_o88uChaoz3Jx8Lo2Z71zohG9q1pYbJLiJRZI/edit?gid=1794106843#gid=1794106843"", address(row($Z67),column($Z67),,,""CSE-P""))"),102.0) -> 102 | E67: =ROUND(D67/$D$5*100,0) -> 67
A68: 63 | B68: 25985A0569 | C68: KURUMUJU RAJESH | D68: =IFERROR(__xludf.DUMMYFUNCTION("IMPORTRANGE(""https://docs.google.com/spreadsheets/d/1pcI0H5_o88uChaoz3Jx8Lo2Z71zohG9q1pYbJLiJRZI/edit?gid=1794106843#gid=1794106843"", address(row($Z68),column($Z68),,,""CSE-P""))"),101.0) -> 101 | E68: =ROUND(D68/$D$5*100,0) -> 66
A69: 64 | B69: 25985A0570 | C69: KUSUMA SAMUEL | D69: =IFERROR(__xludf.DUMMYFUNCTION("IMPORTRANGE(""https://docs.google.com/spreadsheets/d/1pcI0H5_o88uChaoz3Jx8Lo2Z71zohG9q1pYbJLiJRZI/edit?gid=1794106843#gid=1794106843"", address(row($Z69),column($Z69),,,""CSE-P""))"),126.0) -> 126 | E69: =ROUND(D69/$D$5*100,0) -> 82
A70: 65 | B70: 25985A0571 | C70: LANKA SATISH | D70: =IFERROR(__xludf.DUMMYFUNCTION("IMPORTRANGE(""https://docs.google.com/spreadsheets/d/1pcI0H5_o88uChaoz3Jx8Lo2Z71zohG9q1pYbJLiJRZI/edit?gid=1794106843#gid=1794106843"", address(row($Z70),column($Z70),,,""CSE-P""))"),130.0) -> 130 | E70: =ROUND(D70/$D$5*100,0) -> 85
A71: 66 | B71: 25985A0572 | C71: MADDILI KIRAN KUMAR | D71: =IFERROR(__xludf.DUMMYFUNCTION("IMPORTRANGE(""https://docs.google.com/spreadsheets/d/1pcI0H5_o88uChaoz3Jx8Lo2Z71zohG9q1pYbJLiJRZI/edit?gid=1794106843#gid=1794106843"", address(row($Z71),column($Z71),,,""CSE-P""))"),85.0) -> 85 | E71: =ROUND(D71/$D$5*100,0) -> 56
A72: 67 | B72: 25985A0573 | C72: MADE NAGA CHAITHANYA | D72: =IFERROR(__xludf.DUMMYFUNCTION("IMPORTRANGE(""https://docs.google.com/spreadsheets/d/1pcI0H5_o88uChaoz3Jx8Lo2Z71zohG9q1pYbJLiJRZI/edit?gid=1794106843#gid=1794106843"", address(row($Z72),column($Z72),,,""CSE-P""))"),114.0) -> 114 | E72: =ROUND(D72/$D$5*100,0) -> 75
A73: 68 | B73: 25985A0574 | C73: MARNI ABHINAYA | D73: =IFERROR(__xludf.DUMMYFUNCTION("IMPORTRANGE(""https://docs.google.com/spreadsheets/d/1pcI0H5_o88uChaoz3Jx8Lo2Z71zohG9q1pYbJLiJRZI/edit?gid=1794106843#gid=1794106843"", address(row($Z73),column($Z73),,,""CSE-P""))"),136.0) -> 136 | E73: =ROUND(D73/$D$5*100,0) -> 89
A74: 69 | B74: 25985A0575 | C74: MERUGUMALLA JOSEPH | D74: =IFERROR(__xludf.DUMMYFUNCTION("IMPORTRANGE(""https://docs.google.com/spreadsheets/d/1pcI0H5_o88uChaoz3Jx8Lo2Z71zohG9q1pYbJLiJRZI/edit?gid=1794106843#gid=1794106843"", address(row($Z74),column($Z74),,,""CSE-P""))"),130.0) -> 130 | E74: =ROUND(D74/$D$5*100,0) -> 85
A75: 70 | B75: 25985A0576 | C75: MITTANA LAXMI DEVI | D75: =IFERROR(__xludf.DUMMYFUNCTION("IMPORTRANGE(""https://docs.google.com/spreadsheets/d/1pcI0H5_o88uChaoz3Jx8Lo2Z71zohG9q1pYbJLiJRZI/edit?gid=1794106843#gid=1794106843"", address(row($Z75),column($Z75),,,""CSE-P""))"),127.0) -> 127 | E75: =ROUND(D75/$D$5*100,0) -> 83
A76: 71 | B76: 25985A0577 | C76: MOLLETI DHANAJI | D76: =IFERROR(__xludf.DUMMYFUNCTION("IMPORTRANGE(""https://docs.google.com/spreadsheets/d/1pcI0H5_o88uChaoz3Jx8Lo2Z71zohG9q1pYbJLiJRZI/edit?gid=1794106843#gid=1794106843"", address(row($Z76),column($Z76),,,""CSE-P""))"),99.0) -> 99 | E76: =ROUND(D76/$D$5*100,0) -> 65
A77: 72 | B77: 25985A0578 | C77: MOYILLA VEERA LAKSHMI | D77: =IFERROR(__xludf.DUMMYFUNCTION("IMPORTRANGE(""https://docs.google.com/spreadsheets/d/1pcI0H5_o88uChaoz3Jx8Lo2Z71zohG9q1pYbJLiJRZI/edit?gid=1794106843#gid=1794106843"", address(row($Z77),column($Z77),,,""CSE-P""))"),129.0) -> 129 | E77: =ROUND(D77/$D$5*100,0) -> 84
A78: 73 | B78: 25985A0579 | C78: MUDDINETI KIRAN | D78: =IFERROR(__xludf.DUMMYFUNCTION("IMPORTRANGE(""https://docs.google.com/spreadsheets/d/1pcI0H5_o88uChaoz3Jx8Lo2Z71zohG9q1pYbJLiJRZI/edit?gid=1794106843#gid=1794106843"", address(row($Z78),column($Z78),,,""CSE-P""))"),134.0) -> 134 | E78: =ROUND(D78/$D$5*100,0) -> 88
A79: 74 | B79: 25985A0580 | C79: MUNAKALA TARUN | D79: =IFERROR(__xludf.DUMMYFUNCTION("IMPORTRANGE(""https://docs.google.com/spreadsheets/d/1pcI0H5_o88uChaoz3Jx8Lo2Z71zohG9q1pYbJLiJRZI/edit?gid=1794106843#gid=1794106843"", address(row($Z79),column($Z79),,,""CSE-P""))"),9.0) -> 9 | E79: =ROUND(D79/$D$5*100,0) -> 6
A80: 75 | B80: 25985A0581 | C80: NAGIRIKATAKAM SAI | D80: =IFERROR(__xludf.DUMMYFUNCTION("IMPORTRANGE(""https://docs.google.com/spreadsheets/d/1pcI0H5_o88uChaoz3Jx8Lo2Z71zohG9q1pYbJLiJRZI/edit?gid=1794106843#gid=1794106843"", address(row($Z80),column($Z80),,,""CSE-P""))"),100.0) -> 100 | E80: =ROUND(D80/$D$5*100,0) -> 65
B82: CSE - P
B83: >75 | C83: =COUNTIF(E6:E80,">=75") -> 37
B84: >65 AND <74 | C84: =COUNTIFS(E6:E80,">=65",E6:E80,"<75") -> 25
B85: >50 AND <64 | C85: =COUNTIFS(E6:E80,">=50",E6:E80,"<65") -> 4
B86: >25 AND <49 | C86: =COUNTIFS(E6:E80,">=25",E6:E80,"<50") -> 4
B87: >1 AND <24 | C87: =COUNTIFS(E6:E80,">=1",E6:E80,"<25") -> 5
B88: =0 -> 0 | C88: =COUNTIFS(E6:E80,"=0") -> 0
C89: =SUM(C83:C88) -> 75

Sheet CSE-Q
A1: RAGHU ENGINEERING COLLEGE (A)
A2: Department of CSE
A3: 2025 AB CSE-Q (REC) II B.Tech I Semester Attendance as on 11.06.2.205 onwards
A4: S.No | B4: Regd. No | C4: Name of the student | D4: Total | E4: Percentage
A5: Total classes taken till today | D5: =IFERROR(__xludf.DUMMYFUNCTION("IMPORTRANGE(""https://docs.google.com/spreadsheets/d/1pcI0H5_o88uChaoz3Jx8Lo2Z71zohG9q1pYbJLiJRZI/edit?gid=1349297439#gid=1349297439"", address(row($Z5),column($Z5),,,""CSE-Q""))"),162.0) -> 162 | E5: %
A6: 1 | B6: 25985A0582 | C6: NALLA VINAY KUMAR | D6: =IFERROR(__xludf.DUMMYFUNCTION("IMPORTRANGE(""https://docs.google.com/spreadsheets/d/1pcI0H5_o88uChaoz3Jx8Lo2Z71zohG9q1pYbJLiJRZI/edit?gid=1349297439#gid=1349297439"", address(row($Z6),column($Z6),,,""CSE-Q""))"),63.0) -> 63 | E6: =ROUND(D6/$D$5*100,0) -> 39
A7: 2 | B7: 25985A0583 | C7: NARAVA SRI HARI KARTHIK | D7: =IFERROR(__xludf.DUMMYFUNCTION("IMPORTRANGE(""https://docs.google.com/spreadsheets/d/1pcI0H5_o88uChaoz3Jx8Lo2Z71zohG9q1pYbJLiJRZI/edit?gid=1349297439#gid=1349297439"", address(row($Z7),column($Z7),,,""CSE-Q""))"),79.0) -> 79 | E7: =ROUND(D7/$D$5*100,0) -> 49
A8: 3 | B8: 25985A0584 | C8: NERALLA DILLESWARA RAO | D8: =IFERROR(__xludf.DUMMYFUNCTION("IMPORTRANGE(""https://docs.google.com/spreadsheets/d/1pcI0H5_o88uChaoz3Jx8Lo2Z71zohG9q1pYbJLiJRZI/edit?gid=1349297439#gid=1349297439"", address(row($Z8),column($Z8),,,""CSE-Q""))"),116.0) -> 116 | E8: =ROUND(D8/$D$5*100,0) -> 72
A9: 4 | B9: 25985A0585 | C9: PAIDI SIVA PRASAD | D9: =IFERROR(__xludf.DUMMYFUNCTION("IMPORTRANGE(""https://docs.google.com/spreadsheets/d/1pcI0H5_o88uChaoz3Jx8Lo2Z71zohG9q1pYbJLiJRZI/edit?gid=1349297439#gid=1349297439"", address(row($Z9),column($Z9),,,""CSE-Q""))"),113.0) -> 113 | E9: =ROUND(D9/$D$5*100,0) -> 70
A10: 5 | B10: 25985A0586 | C10: PAILA VYKUNTA RAO | D10: =IFERROR(__xludf.DUMMYFUNCTION("IMPORTRANGE(""https://docs.google.com/spreadsheets/d/1pcI0H5_o88uChaoz3Jx8Lo2Z71zohG9q1pYbJLiJRZI/edit?gid=1349297439#gid=1349297439"", address(row($Z10),column($Z10),,,""CSE-Q""))"),106.0) -> 106 | E10: =ROUND(D10/$D$5*100,0) -> 65
A11: 6 | B11: 25985A0587 | C11: PALLA SIVA SHANKAR | D11: =IFERROR(__xludf.DUMMYFUNCTION("IMPORTRANGE(""https://docs.google.com/spreadsheets/d/1pcI0H5_o88uChaoz3Jx8Lo2Z71zohG9q1pYbJLiJRZI/edit?gid=1349297439#gid=1349297439"", address(row($Z11),column($Z11),,,""CSE-Q""))"),116.0) -> 116 | E11: =ROUND(D11/$D$5*100,0) -> 72
A12: 7 | B12: 25985A0588 | C12: PALLA SUBHASH | D12: =IFERROR(__xludf.DUMMYFUNCTION("IMPORTRANGE(""https://docs.google.com/spreadsheets/d/1pcI0H5_o88uChaoz3Jx8Lo2Z71zohG9q1pYbJLiJRZI/edit?gid=1349297439#gid=1349297439"", address(row($Z12),column($Z12),,,""CSE-Q""))"),102.0) -> 102 | E12: =ROUND(D12/$D$5*100,0) -> 63
A13: 8 | B13: 25985A0589 | C13: PATARLAPALLI SRAVANTHI | D13: =IFERROR(__xludf.DUMMYFUNCTION("IMPORTRANGE(""https://docs.google.com/spreadsheets/d/1pcI0H5_o88uChaoz3Jx8Lo2Z71zohG9q1pYbJLiJRZI/edit?gid=1349297439#gid=1349297439"", address(row($Z13),column($Z13),,,""CSE-Q""))"),154.0) -> 154 | E13: =ROUND(D13/$D$5*100,0) -> 95
A14: 9 | B14: 25985A0590 | C14: PATHALA VENU | D14: =IFERROR(__xludf.DUMMYFUNCTION("IMPORTRANGE(""https://docs.google.com/spreadsheets/d/1pcI0H5_o88uChaoz3Jx8Lo2Z71zohG9q1pYbJLiJRZI/edit?gid=1349297439#gid=1349297439"", address(row($Z14),column($Z14),,,""CSE-Q""))"),128.0) -> 128 | E14: =ROUND(D14/$D$5*100,0) -> 79
A15: 10 | B15: 25985A0591 | C15: PENKI PARDHA SARADHI | D15: =IFERROR(__xludf.DUMMYFUNCTION("IMPORTRANGE(""https://docs.google.com/spreadsheets/d/1pcI0H5_o88uChaoz3Jx8Lo2Z71zohG9q1pYbJLiJRZI/edit?gid=1349297439#gid=1349297439"", address(row($Z15),column($Z15),,,""CSE-Q""))"),126.0) -> 126 | E15: =ROUND(D15/$D$5*100,0) -> 78
A16: 11 | B16: 25985A0592 | C16: PENUGURTHY PURNIMA | D16: =IFERROR(__xludf.DUMMYFUNCTION("IMPORTRANGE(""https://docs.google.com/spreadsheets/d/1pcI0H5_o88uChaoz3Jx8Lo2Z71zohG9q1pYbJLiJRZI/edit?gid=1349297439#gid=1349297439"", address(row($Z16),column($Z16),,,""CSE-Q""))"),114.0) -> 114 | E16: =ROUND(D16/$D$5*100,0) -> 70
A17: 12 | B17: 25985A0593 | C17: PINABOINA JAYA SURYA | D17: =IFERROR(__xludf.DUMMYFUNCTION("IMPORTRANGE(""https://docs.google.com/spreadsheets/d/1pcI0H5_o88uChaoz3Jx8Lo2Z71zohG9q1pYbJLiJRZI/edit?gid=1349297439#gid=1349297439"", address(row($Z17),column($Z17),,,""CSE-Q""))"),81.0) -> 81 | E17: =ROUND(D17/$D$5*100,0) -> 50
A18: 13 | B18: 25985A0594 | C18: PINDI PYDI VENKATA GANESH | D18: =IFERROR(__xludf.DUMMYFUNCTION("IMPORTRANGE(""https://docs.google.com/spreadsheets/d/1pcI0H5_o88uChaoz3Jx8Lo2Z71zohG9q1pYbJLiJRZI/edit?gid=1349297439#gid=1349297439"", address(row($Z18),column($Z18),,,""CSE-Q""))"),118.0) -> 118 | E18: =ROUND(D18/$D$5*100,0) -> 73
A19: 14 | B19: 25985A0595 | C19: POOLAGONI MANASA | D19: =IFERROR(__xludf.DUMMYFUNCTION("IMPORTRANGE(""https://docs.google.com/spreadsheets/d/1pcI0H5_o88uChaoz3Jx8Lo2Z71zohG9q1pYbJLiJRZI/edit?gid=1349297439#gid=1349297439"", address(row($Z19),column($Z19),,,""CSE-Q""))"),97.0) -> 97 | E19: =ROUND(D19/$D$5*100,0) -> 60
A20: 15 | B20: 25985A0596 | C20: POTHALA SRI RATNA | D20: =IFERROR(__xludf.DUMMYFUNCTION("IMPORTRANGE(""https://docs.google.com/spreadsheets/d/1pcI0H5_o88uChaoz3Jx8Lo2Z71zohG9q1pYbJLiJRZI/edit?gid=1349297439#gid=1349297439"", address(row($Z20),column($Z20),,,""CSE-Q""))"),140.0) -> 140 | E20: =ROUND(D20/$D$5*100,0) -> 86
A21: 16 | B21: 25985A0597 | C21: POTHU SRINIVASA RAO | D21: =IFERROR(__xludf.DUMMYFUNCTION("IMPORTRANGE(""https://docs.google.com/spreadsheets/d/1pcI0H5_o88uChaoz3Jx8Lo2Z71zohG9q1pYbJLiJRZI/edit?gid=1349297439#gid=1349297439"", address(row($Z21),column($Z21),,,""CSE-Q""))"),114.0) -> 114 | E21: =ROUND(D21/$D$5*100,0) -> 70
A22: 17 | B22: 25985A0598 | C22: PRASADULA VINAY KUMAR | D22: =IFERROR(__xludf.DUMMYFUNCTION("IMPORTRANGE(""https://docs.google.com/spreadsheets/d/1pcI0H5_o88uChaoz3Jx8Lo2Z71zohG9q1pYbJLiJRZI/edit?gid=1349297439#gid=1349297439"", address(row($Z22),column($Z22),,,""CSE-Q""))"),79.0) -> 79 | E22: =ROUND(D22/$D$5*100,0) -> 49
A23: 18 | B23: 25985A0599 | C23: PULIVARTHI VENKATESH | D23: =IFERROR(__xludf.DUMMYFUNCTION("IMPORTRANGE(""https://docs.google.com/spreadsheets/d/1pcI0H5_o88uChaoz3Jx8Lo2Z71zohG9q1pYbJLiJRZI/edit?gid=1349297439#gid=1349297439"", address(row($Z23),column($Z23),,,""CSE-Q""))"),111.0) -> 111 | E23: =ROUND(D23/$D$5*100,0) -> 69
A24: 19 | B24: 25985A05A0 | C24: PYDADA SAILU | D24: =IFERROR(__xludf.DUMMYFUNCTION("IMPORTRANGE(""https://docs.google.com/spreadsheets/d/1pcI0H5_o88uChaoz3Jx8Lo2Z71zohG9q1pYbJLiJRZI/edit?gid=1349297439#gid=1349297439"", address(row($Z24),column($Z24),,,""CSE-Q""))"),154.0) -> 154 | E24: =ROUND(D24/$D$5*100,0) -> 95
A25: 20 | B25: 25985A05A1 | C25: RAJETI SHINY | D25: =IFERROR(__xludf.DUMMYFUNCTION("IMPORTRANGE(""https://docs.google.com/spreadsheets/d/1pcI0H5_o88uChaoz3Jx8Lo2Z71zohG9q1pYbJLiJRZI/edit?gid=1349297439#gid=1349297439"", address(row($Z25),column($Z25),,,""CSE-Q""))"),133.0) -> 133 | E25: =ROUND(D25/$D$5*100,0) -> 82
A26: 21 | B26: 25985A05A2 | C26: RASAMSETTI YUVA SATYA PRASANNA | D26: =IFERROR(__xludf.DUMMYFUNCTION("IMPORTRANGE(""https://docs.google.com/spreadsheets/d/1pcI0H5_o88uChaoz3Jx8Lo2Z71zohG9q1pYbJLiJRZI/edit?gid=1349297439#gid=1349297439"", address(row($Z26),column($Z26),,,""CSE-Q""))"),137.0) -> 137 | E26: =ROUND(D26/$D$5*100,0) -> 85
A27: 22 | B27: 25985A05A3 | C27: RAYAPUDI SUMANTH | D27: =IFERROR(__xludf.DUMMYFUNCTION("IMPORTRANGE(""https://docs.google.com/spreadsheets/d/1pcI0H5_o88uChaoz3Jx8Lo2Z71zohG9q1pYbJLiJRZI/edit?gid=1349297439#gid=1349297439"", address(row($Z27),column($Z27),,,""CSE-Q""))"),95.0) -> 95 | E27: =ROUND(D27/$D$5*100,0) -> 59
A28: 23 | B28: 25985A05A4 | C28: RAYI MANI KANTA | D28: =IFERROR(__xludf.DUMMYFUNCTION("IMPORTRANGE(""https://docs.google.com/spreadsheets/d/1pcI0H5_o88uChaoz3Jx8Lo2Z71zohG9q1pYbJLiJRZI/edit?gid=1349297439#gid=1349297439"", address(row($Z28),column($Z28),,,""CSE-Q""))"),118.0) -> 118 | E28: =ROUND(D28/$D$5*100,0) -> 73
A29: 24 | B29: 25985A05A5 | C29: SALUGULA BHANU SRI | D29: =IFERROR(__xludf.DUMMYFUNCTION("IMPORTRANGE(""https://docs.google.com/spreadsheets/d/1pcI0H5_o88uChaoz3Jx8Lo2Z71zohG9q1pYbJLiJRZI/edit?gid=1349297439#gid=1349297439"", address(row($Z29),column($Z29),,,""CSE-Q""))"),129.0) -> 129 | E29: =ROUND(D29/$D$5*100,0) -> 80
A30: 25 | B30: 25985A05A6 | C30: SAMBANGI SRAVANI | D30: =IFERROR(__xludf.DUMMYFUNCTION("IMPORTRANGE(""https://docs.google.com/spreadsheets/d/1pcI0H5_o88uChaoz3Jx8Lo2Z71zohG9q1pYbJLiJRZI/edit?gid=1349297439#gid=1349297439"", address(row($Z30),column($Z30),,,""CSE-Q""))"),110.0) -> 110 | E30: =ROUND(D30/$D$5*100,0) -> 68
A31: 26 | B31: 25985A05A7 | C31: SANTHA NAGA CHARAN TEJA | D31: =IFERROR(__xludf.DUMMYFUNCTION("IMPORTRANGE(""https://docs.google.com/spreadsheets/d/1pcI0H5_o88uChaoz3Jx8Lo2Z71zohG9q1pYbJLiJRZI/edit?gid=1349297439#gid=1349297439"", address(row($Z31),column($Z31),,,""CSE-Q""))"),103.0) -> 103 | E31: =ROUND(D31/$D$5*100,0) -> 64
A32: 27 | B32: 25985A05A8 | C32: SARAGADAM VENKATA GANESH | D32: =IFERROR(__xludf.DUMMYFUNCTION("IMPORTRANGE(""https://docs.google.com/spreadsheets/d/1pcI0H5_o88uChaoz3Jx8Lo2Z71zohG9q1pYbJLiJRZI/edit?gid=1349297439#gid=1349297439"", address(row($Z32),column($Z32),,,""CSE-Q""))"),121.0) -> 121 | E32: =ROUND(D32/$D$5*100,0) -> 75
A33: 28 | B33: 25985A05A9 | C33: SETTYPALLI KARTHIK | D33: =IFERROR(__xludf.DUMMYFUNCTION("IMPORTRANGE(""https://docs.google.com/spreadsheets/d/1pcI0H5_o88uChaoz3Jx8Lo2Z71zohG9q1pYbJLiJRZI/edit?gid=1349297439#gid=1349297439"", address(row($Z33),column($Z33),,,""CSE-Q""))"),140.0) -> 140 | E33: =ROUND(D33/$D$5*100,0) -> 86
A34: 29 | B34: 25985A05B0 | C34: SHAIK AHMAD MOHIDDIN | D34: =IFERROR(__xludf.DUMMYFUNCTION("IMPORTRANGE(""https://docs.google.com/spreadsheets/d/1pcI0H5_o88uChaoz3Jx8Lo2Z71zohG9q1pYbJLiJRZI/edit?gid=1349297439#gid=1349297439"", address(row($Z34),column($Z34),,,""CSE-Q""))"),130.0) -> 130 | E34: =ROUND(D34/$D$5*100,0) -> 80
A35: 30 | B35: 25985A05B1 | C35: SHAIK JOHNVALI | D35: =IFERROR(__xludf.DUMMYFUNCTION("IMPORTRANGE(""https://docs.google.com/spreadsheets/d/1pcI0H5_o88uChaoz3Jx8Lo2Z71zohG9q1pYbJLiJRZI/edit?gid=1349297439#gid=1349297439"", address(row($Z35),column($Z35),,,""CSE-Q""))"),98.0) -> 98 | E35: =ROUND(D35/$D$5*100,0) -> 60
A36: 31 | B36: 25985A05B2 | C36: SHAIK RAHEEM | D36: =IFERROR(__xludf.DUMMYFUNCTION("IMPORTRANGE(""https://docs.google.com/spreadsheets/d/1pcI0H5_o88uChaoz3Jx8Lo2Z71zohG9q1pYbJLiJRZI/edit?gid=1349297439#gid=1349297439"", address(row($Z36),column($Z36),,,""CSE-Q""))"),140.0) -> 140 | E36: =ROUND(D36/$D$5*100,0) -> 86
A37: 32 | B37: 25985A05B3 | C37: SHAIK SAMEERA | D37: =IFERROR(__xludf.DUMMYFUNCTION("IMPORTRANGE(""https://docs.google.com/spreadsheets/d/1pcI0H5_o88uChaoz3Jx8Lo2Z71zohG9q1pYbJLiJRZI/edit?gid=1349297439#gid=1349297439"", address(row($Z37),column($Z37),,,""CSE-Q""))"),94.0) -> 94 | E37: =ROUND(D37/$D$5*100,0) -> 58
A38: 33 | B38: 25985A05B4 | C38: SHAIK YASIN | D38: =IFERROR(__xludf.DUMMYFUNCTION("IMPORTRANGE(""https://docs.google.com/spreadsheets/d/1pcI0H5_o88uChaoz3Jx8Lo2Z71zohG9q1pYbJLiJRZI/edit?gid=1349297439#gid=1349297439"", address(row($Z38),column($Z38),,,""CSE-Q""))"),130.0) -> 130 | E38: =ROUND(D38/$D$5*100,0) -> 80
A39: 34 | B39: 25985A05B5 | C39: SHEK BASHEER | D39: =IFERROR(__xludf.DUMMYFUNCTION("IMPORTRANGE(""https://docs.google.com/spreadsheets/d/1pcI0H5_o88uChaoz3Jx8Lo2Z71zohG9q1pYbJLiJRZI/edit?gid=1349297439#gid=1349297439"", address(row($Z39),column($Z39),,,""CSE-Q""))"),138.0) -> 138 | E39: =ROUND(D39/$D$5*100,0) -> 85
A40: 35 | B40: 25985A05B6 | C40: SONTYANA SELINA | D40: =IFERROR(__xludf.DUMMYFUNCTION("IMPORTRANGE(""https://docs.google.com/spreadsheets/d/1pcI0H5_o88uChaoz3Jx8Lo2Z71zohG9q1pYbJLiJRZI/edit?gid=1349297439#gid=1349297439"", address(row($Z40),column($Z40),,,""CSE-Q""))"),127.0) -> 127 | E40: =ROUND(D40/$D$5*100,0) -> 78
A41: 36 | B41: 25985A05B7 | C41: SUDHEER KUMAR | D41: =IFERROR(__xludf.DUMMYFUNCTION("IMPORTRANGE(""https://docs.google.com/spreadsheets/d/1pcI0H5_o88uChaoz3Jx8Lo2Z71zohG9q1pYbJLiJRZI/edit?gid=1349297439#gid=1349297439"", address(row($Z41),column($Z41),,,""CSE-Q""))"),139.0) -> 139 | E41: =ROUND(D41/$D$5*100,0) -> 86
A42: 37 | B42: 25985A05B8 | C42: SUNDARAPU HARSHA VARDHAN | D42: =IFERROR(__xludf.DUMMYFUNCTION("IMPORTRANGE(""https://docs.google.com/spreadsheets/d/1pcI0H5_o88uChaoz3Jx8Lo2Z71zohG9q1pYbJLiJRZI/edit?gid=1349297439#gid=1349297439"", address(row($Z42),column($Z42),,,""CSE-Q""))"),116.0) -> 116 | E42: =ROUND(D42/$D$5*100,0) -> 72
A43: 38 | B43: 25985A05B9 | C43: SURADA NIHARIKA | D43: =IFERROR(__xludf.DUMMYFUNCTION("IMPORTRANGE(""https://docs.google.com/spreadsheets/d/1pcI0H5_o88uChaoz3Jx8Lo2Z71zohG9q1pYbJLiJRZI/edit?gid=1349297439#gid=1349297439"", address(row($Z43),column($Z43),,,""CSE-Q""))"),140.0) -> 140 | E43: =ROUND(D43/$D$5*100,0) -> 86
A44: 39 | B44: 25985A05C0 | C44: SURAMPUDI SATYA LAKSHMI | D44: =IFERROR(__xludf.DUMMYFUNCTION("IMPORTRANGE(""https://docs.google.com/spreadsheets/d/1pcI0H5_o88uChaoz3Jx8Lo2Z71zohG9q1pYbJLiJRZI/edit?gid=1349297439#gid=1349297439"", address(row($Z44),column($Z44),,,""CSE-Q""))"),140.0) -> 140 | E44: =ROUND(D44/$D$5*100,0) -> 86
A45: 40 | B45: 25985A05C1 | C45: TADI THARUN | D45: =IFERROR(__xludf.DUMMYFUNCTION("IMPORTRANGE(""https://docs.google.com/spreadsheets/d/1pcI0H5_o88uChaoz3Jx8Lo2Z71zohG9q1pYbJLiJRZI/edit?gid=1349297439#gid=1349297439"", address(row($Z45),column($Z45),,,""CSE-Q""))"),100.0) -> 100 | E45: =ROUND(D45/$D$5*100,0) -> 62
A46: 41 | B46: 25985A05C2 | C46: TATAVOLU SATYA GANGA LAKSHMI PRASANTHI | D46: =IFERROR(__xludf.DUMMYFUNCTION("IMPORTRANGE(""https://docs.google.com/spreadsheets/d/1pcI0H5_o88uChaoz3Jx8Lo2Z71zohG9q1pYbJLiJRZI/edit?gid=1349297439#gid=1349297439"", address(row($Z46),column($Z46),,,""CSE-Q""))"),113.0) -> 113 | E46: =ROUND(D46/$D$5*100,0) -> 70
A47: 42 | B47: 25985A05C3 | C47: UDDAGIRI PHANINDRA | D47: =IFERROR(__xludf.DUMMYFUNCTION("IMPORTRANGE(""https://docs.google.com/spreadsheets/d/1pcI0H5_o88uChaoz3Jx8Lo2Z71zohG9q1pYbJLiJRZI/edit?gid=1349297439#gid=1349297439"", address(row($Z47),column($Z47),,,""CSE-Q""))"),115.0) -> 115 | E47: =ROUND(D47/$D$5*100,0) -> 71
A48: 43 | B48: 25985A05C4 | C48: UMMAREDDY NAGA DINESH | D48: =IFERROR(__xludf.DUMMYFUNCTION("IMPORTRANGE(""https://docs.google.com/spreadsheets/d/1pcI0H5_o88uChaoz3Jx8Lo2Z71zohG9q1pYbJLiJRZI/edit?gid=1349297439#gid=1349297439"", address(row($Z48),column($Z48),,,""CSE-Q""))"),145.0) -> 145 | E48: =ROUND(D48/$D$5*100,0) -> 90
A49: 44 | B49: 25985A05C5 | C49: UPPADA NITHIN KUMAR | D49: =IFERROR(__xludf.DUMMYFUNCTION("IMPORTRANGE(""https://docs.google.com/spreadsheets/d/1pcI0H5_o88uChaoz3Jx8Lo2Z71zohG9q1pYbJLiJRZI/edit?gid=1349297439#gid=1349297439"", address(row($Z49),column($Z49),,,""CSE-Q""))"),77.0) -> 77 | E49: =ROUND(D49/$D$5*100,0) -> 48
A50: 45 | B50: 25985A05C6 | C50: VANJARAPU SHANKAR | D50: =IFERROR(__xludf.DUMMYFUNCTION("IMPORTRANGE(""https://docs.google.com/spreadsheets/d/1pcI0H5_o88uChaoz3Jx8Lo2Z71zohG9q1pYbJLiJRZI/edit?gid=1349297439#gid=1349297439"", address(row($Z50),column($Z50),,,""CSE-Q""))"),123.0) -> 123 | E50: =ROUND(D50/$D$5*100,0) -> 76
A51: 46 | B51: 25985A05C7 | C51: VANTAKULA SATHWIK | D51: =IFERROR(__xludf.DUMMYFUNCTION("IMPORTRANGE(""https://docs.google.com/spreadsheets/d/1pcI0H5_o88uChaoz3Jx8Lo2Z71zohG9q1pYbJLiJRZI/edit?gid=1349297439#gid=1349297439"", address(row($Z51),column($Z51),,,""CSE-Q""))"),140.0) -> 140 | E51: =ROUND(D51/$D$5*100,0) -> 86
A52: 47 | B52: 25985A05C8 | C52: VARADA RUPA | D52: =IFERROR(__xludf.DUMMYFUNCTION("IMPORTRANGE(""https://docs.google.com/spreadsheets/d/1pcI0H5_o88uChaoz3Jx8Lo2Z71zohG9q1pYbJLiJRZI/edit?gid=1349297439#gid=1349297439"", address(row($Z52),column($Z52),,,""CSE-Q""))"),107.0) -> 107 | E52: =ROUND(D52/$D$5*100,0) -> 66
A53: 48 | B53: 25985A05C9 | C53: VARADA SOWJANYA | D53: =IFERROR(__xludf.DUMMYFUNCTION("IMPORTRANGE(""https://docs.google.com/spreadsheets/d/1pcI0H5_o88uChaoz3Jx8Lo2Z71zohG9q1pYbJLiJRZI/edit?gid=1349297439#gid=1349297439"", address(row($Z53),column($Z53),,,""CSE-Q""))"),124.0) -> 124 | E53: =ROUND(D53/$D$5*100,0) -> 77
A54: 49 | B54: 25985A05D0 | C54: VARRI PRUDVI RAJ | D54: =IFERROR(__xludf.DUMMYFUNCTION("IMPORTRANGE(""https://docs.google.com/spreadsheets/d/1pcI0H5_o88uChaoz3Jx8Lo2Z71zohG9q1pYbJLiJRZI/edit?gid=1349297439#gid=1349297439"", address(row($Z54),column($Z54),,,""CSE-Q""))"),84.0) -> 84 | E54: =ROUND(D54/$D$5*100,0) -> 52
A55: 50 | B55: 25985A05D1 | C55: VASUPALLI KARTHIK NARAYANA | D55: =IFERROR(__xludf.DUMMYFUNCTION("IMPORTRANGE(""https://docs.google.com/spreadsheets/d/1pcI0H5_o88uChaoz3Jx8Lo2Z71zohG9q1pYbJLiJRZI/edit?gid=1349297439#gid=1349297439"", address(row($Z55),column($Z55),,,""CSE-Q""))"),134.0) -> 134 | E55: =ROUND(D55/$D$5*100,0) -> 83
A56: 51 | B56: 25985A05D2 | C56: VECHALAPU NITHISHA | D56: =IFERROR(__xludf.DUMMYFUNCTION("IMPORTRANGE(""https://docs.google.com/spreadsheets/d/1pcI0H5_o88uChaoz3Jx8Lo2Z71zohG9q1pYbJLiJRZI/edit?gid=1349297439#gid=1349297439"", address(row($Z56),column($Z56),,,""CSE-Q""))"),148.0) -> 148 | E56: =ROUND(D56/$D$5*100,0) -> 91
A57: 52 | B57: 25985A05D3 | C57: YALAKALA YUVARAJU | D57: =IFERROR(__xludf.DUMMYFUNCTION("IMPORTRANGE(""https://docs.google.com/spreadsheets/d/1pcI0H5_o88uChaoz3Jx8Lo2Z71zohG9q1pYbJLiJRZI/edit?gid=1349297439#gid=1349297439"", address(row($Z57),column($Z57),,,""CSE-Q""))"),134.0) -> 134 | E57: =ROUND(D57/$D$5*100,0) -> 83
A58: 53 | B58: 25985A05D4 | C58: YELLAPU VENKATA APPALA NAIDU | D58: =IFERROR(__xludf.DUMMYFUNCTION("IMPORTRANGE(""https://docs.google.com/spreadsheets/d/1pcI0H5_o88uChaoz3Jx8Lo2Z71zohG9q1pYbJLiJRZI/edit?gid=1349297439#gid=1349297439"", address(row($Z58),column($Z58),,,""CSE-Q""))"),100.0) -> 100 | E58: =ROUND(D58/$D$5*100,0) -> 62
A59: 54 | B59: 25985A05D5 | C59: YERIPILLI PRAVEEN PRAKASH | D59: =IFERROR(__xludf.DUMMYFUNCTION("IMPORTRANGE(""https://docs.google.com/spreadsheets/d/1pcI0H5_o88uChaoz3Jx8Lo2Z71zohG9q1pYbJLiJRZI/edit?gid=1349297439#gid=1349297439"", address(row($Z59),column($Z59),,,""CSE-Q""))"),89.0) -> 89 | E59: =ROUND(D59/$D$5*100,0) -> 55
A60: 55 | B60: 25985A05D6 | C60: KATTA SRI NAGA DURGA MANIKANTA | D60: =IFERROR(__xludf.DUMMYFUNCTION("IMPORTRANGE(""https://docs.google.com/spreadsheets/d/1pcI0H5_o88uChaoz3Jx8Lo2Z71zohG9q1pYbJLiJRZI/edit?gid=1349297439#gid=1349297439"", address(row($Z60),column($Z60),,,""CSE-Q""))"),132.0) -> 132 | E60: =ROUND(D60/$D$5*100,0) -> 81
A61: 56 | B61: 25985A05D7 | C61: ANDE JYOTHI KRISHNA | D61: =IFERROR(__xludf.DUMMYFUNCTION("IMPORTRANGE(""https://docs.google.com/spreadsheets/d/1pcI0H5_o88uChaoz3Jx8Lo2Z71zohG9q1pYbJLiJRZI/edit?gid=1349297439#gid=1349297439"", address(row($Z61),column($Z61),,,""CSE-Q""))"),132.0) -> 132 | E61: =ROUND(D61/$D$5*100,0) -> 81
A62: 57 | B62: 25985A05D8 | C62: PENUMAJJI KARTEEK | D62: =IFERROR(__xludf.DUMMYFUNCTION("IMPORTRANGE(""https://docs.google.com/spreadsheets/d/1pcI0H5_o88uChaoz3Jx8Lo2Z71zohG9q1pYbJLiJRZI/edit?gid=1349297439#gid=1349297439"", address(row($Z62),column($Z62),,,""CSE-Q""))"),133.0) -> 133 | E62: =ROUND(D62/$D$5*100,0) -> 82
A63: 58 | C63: AAKULA ROHITH | D63: =IFERROR(__xludf.DUMMYFUNCTION("IMPORTRANGE(""https://docs.google.com/spreadsheets/d/1pcI0H5_o88uChaoz3Jx8Lo2Z71zohG9q1pYbJLiJRZI/edit?gid=1349297439#gid=1349297439"", address(row($Z63),column($Z63),,,""CSE-Q""))"),64.0) -> 64 | E63: =ROUND(D63/$D$5*100,0) -> 40
A64: 59 | C64: AKKIREDDY CHARAN | D64: =IFERROR(__xludf.DUMMYFUNCTION("IMPORTRANGE(""https://docs.google.com/spreadsheets/d/1pcI0H5_o88uChaoz3Jx8Lo2Z71zohG9q1pYbJLiJRZI/edit?gid=1349297439#gid=1349297439"", address(row($Z64),column($Z64),,,""CSE-Q""))"),115.0) -> 115 | E64: =ROUND(D64/$D$5*100,0) -> 71
A65: 60 | C65: ARLI UDAYASHISH | D65: =IFERROR(__xludf.DUMMYFUNCTION("IMPORTRANGE(""https://docs.google.com/spreadsheets/d/1pcI0H5_o88uChaoz3Jx8Lo2Z71zohG9q1pYbJLiJRZI/edit?gid=1349297439#gid=1349297439"", address(row($Z65),column($Z65),,,""CSE-Q""))"),57.0) -> 57 | E65: =ROUND(D65/$D$5*100,0) -> 35
A66: 61 | C66: BALISETTY HARISH | D66: =IFERROR(__xludf.DUMMYFUNCTION("IMPORTRANGE(""https://docs.google.com/spreadsheets/d/1pcI0H5_o88uChaoz3Jx8Lo2Z71zohG9q1pYbJLiJRZI/edit?gid=1349297439#gid=1349297439"", address(row($Z66),column($Z66),,,""CSE-Q""))"),93.0) -> 93 | E66: =ROUND(D66/$D$5*100,0) -> 57
A67: 62 | C67: GANSINGHGARI CHAITANYA SINGH | D67: =IFERROR(__xludf.DUMMYFUNCTION("IMPORTRANGE(""https://docs.google.com/spreadsheets/d/1pcI0H5_o88uChaoz3Jx8Lo2Z71zohG9q1pYbJLiJRZI/edit?gid=1349297439#gid=1349297439"", address(row($Z67),column($Z67),,,""CSE-Q""))"),68.0) -> 68 | E67: =ROUND(D67/$D$5*100,0) -> 42
A68: 63 | C68: GEDELA MADHU | D68: =IFERROR(__xludf.DUMMYFUNCTION("IMPORTRANGE(""https://docs.google.com/spreadsheets/d/1pcI0H5_o88uChaoz3Jx8Lo2Z71zohG9q1pYbJLiJRZI/edit?gid=1349297439#gid=1349297439"", address(row($Z68),column($Z68),,,""CSE-Q""))"),74.0) -> 74 | E68: =ROUND(D68/$D$5*100,0) -> 46
A69: 64 | C69: GUDIVADA MOHAN | D69: =IFERROR(__xludf.DUMMYFUNCTION("IMPORTRANGE(""https://docs.google.com/spreadsheets/d/1pcI0H5_o88uChaoz3Jx8Lo2Z71zohG9q1pYbJLiJRZI/edit?gid=1349297439#gid=1349297439"", address(row($Z69),column($Z69),,,""CSE-Q""))"),38.0) -> 38 | E69: =ROUND(D69/$D$5*100,0) -> 23
A70: 65 | C70: GURRAM RAVITEJA | D70: =IFERROR(__xludf.DUMMYFUNCTION("IMPORTRANGE(""https://docs.google.com/spreadsheets/d/1pcI0H5_o88uChaoz3Jx8Lo2Z71zohG9q1pYbJLiJRZI/edit?gid=1349297439#gid=1349297439"", address(row($Z70),column($Z70),,,""CSE-Q""))"),87.0) -> 87 | E70: =ROUND(D70/$D$5*100,0) -> 54
A71: 66 | C71: KARAGANA VAMSI | D71: =IFERROR(__xludf.DUMMYFUNCTION("IMPORTRANGE(""https://docs.google.com/spreadsheets/d/1pcI0H5_o88uChaoz3Jx8Lo2Z71zohG9q1pYbJLiJRZI/edit?gid=1349297439#gid=1349297439"", address(row($Z71),column($Z71),,,""CSE-Q""))"),113.0) -> 113 | E71: =ROUND(D71/$D$5*100,0) -> 70
A72: 67 | C72: KOLLI SHANMUKH | D72: =IFERROR(__xludf.DUMMYFUNCTION("IMPORTRANGE(""https://docs.google.com/spreadsheets/d/1pcI0H5_o88uChaoz3Jx8Lo2Z71zohG9q1pYbJLiJRZI/edit?gid=1349297439#gid=1349297439"", address(row($Z72),column($Z72),,,""CSE-Q""))"),74.0) -> 74 | E72: =ROUND(D72/$D$5*100,0) -> 46
A73: 68 | C73: KOTARI PURNIMA ANILA | D73: =IFERROR(__xludf.DUMMYFUNCTION("IMPORTRANGE(""https://docs.google.com/spreadsheets/d/1pcI0H5_o88uChaoz3Jx8Lo2Z71zohG9q1pYbJLiJRZI/edit?gid=1349297439#gid=1349297439"", address(row($Z73),column($Z73),,,""CSE-Q""))"),118.0) -> 118 | E73: =ROUND(D73/$D$5*100,0) -> 73
A74: 69 | C74: KUSUMA SHARON | D74: =IFERROR(__xludf.DUMMYFUNCTION("IMPORTRANGE(""https://docs.google.com/spreadsheets/d/1pcI0H5_o88uChaoz3Jx8Lo2Z71zohG9q1pYbJLiJRZI/edit?gid=1349297439#gid=1349297439"", address(row($Z74),column($Z74),,,""CSE-Q""))"),103.0) -> 103 | E74: =ROUND(D74/$D$5*100,0) -> 64
A75: 70 | C75: NEKKELLA ESWAR VARDHAN | D75: =IFERROR(__xludf.DUMMYFUNCTION("IMPORTRANGE(""https://docs.google.com/spreadsheets/d/1pcI0H5_o88uChaoz3Jx8Lo2Z71zohG9q1pYbJLiJRZI/edit?gid=1349297439#gid=1349297439"", address(row($Z75),column($Z75),,,""CSE-Q""))"),77.0) -> 77 | E75: =ROUND(D75/$D$5*100,0) -> 48
A76: 71 | C76: PARISERLA KARTHEEK | D76: =IFERROR(__xludf.DUMMYFUNCTION("IMPORTRANGE(""https://docs.google.com/spreadsheets/d/1pcI0H5_o88uChaoz3Jx8Lo2Z71zohG9q1pYbJLiJRZI/edit?gid=1349297439#gid=1349297439"", address(row($Z76),column($Z76),,,""CSE-Q""))"),102.0) -> 102 | E76: =ROUND(D76/$D$5*100,0) -> 63
A77: 72 | C77: RAYAVARAPU NIHAR | D77: =IFERROR(__xludf.DUMMYFUNCTION("IMPORTRANGE(""https://docs.google.com/spreadsheets/d/1pcI0H5_o88uChaoz3Jx8Lo2Z71zohG9q1pYbJLiJRZI/edit?gid=1349297439#gid=1349297439"", address(row($Z77),column($Z77),,,""CSE-Q""))"),93.0) -> 93 | E77: =ROUND(D77/$D$5*100,0) -> 57
A78: 73 | C78: SAGI ADITYA GAJAPATI RAJU | D78: =IFERROR(__xludf.DUMMYFUNCTION("IMPORTRANGE(""https://docs.google.com/spreadsheets/d/1pcI0H5_o88uChaoz3Jx8Lo2Z71zohG9q1pYbJLiJRZI/edit?gid=1349297439#gid=1349297439"", address(row($Z78),column($Z78),,,""CSE-Q""))"),102.0) -> 102 | E78: =ROUND(D78/$D$5*100,0) -> 63
A79: 74 | C79: VASAPILLI RASHMITHA | D79: =IFERROR(__xludf.DUMMYFUNCTION("IMPORTRANGE(""https://docs.google.com/spreadsheets/d/1pcI0H5_o88uChaoz3Jx8Lo2Z71zohG9q1pYbJLiJRZI/edit?gid=1349297439#gid=1349297439"", address(row($Z79),column($Z79),,,""CSE-Q""))"),112.0) -> 112 | E79: =ROUND(D79/$D$5*100,0) -> 69
B81: CSE - Q
B82: >75 | C82: =COUNTIF(E6:E79,">=75") -> 28
B83: >65 AND <74 | C83: =COUNTIFS(E6:E79,">=65",E6:E79,"<75") -> 18
B84: >50 AND <64 | C84: =COUNTIFS(E6:E79,">=50",E6:E79,"<65") -> 17
B85: >25 AND <49 | C85: =COUNTIFS(E6:E79,">=25",E6:E79,"<50") -> 10
B86: >1 AND <24 | C86: =COUNTIFS(E6:E79,">=1",E6:E79,"<25") -> 1
B87: =0 -> 0 | C87: =COUNTIFS(E6:E79,"=0") -> 0
C88: =SUM(C82:C87) -> 74

Sheet Consolidated
B4: CSE-M | C4: CSE-N | D4: CSE-O | E4: CSE-P | F4: CSE-Q | G4: Total
A5: >75 | B5: ='CSE-M'!C81 -> 29 | C5: ='CSE-N'!C80 -> 29 | D5: ='CSE-O'!C79 -> 23 | E5: ='CSE-P'!C83 -> 37 | F5: ='CSE-Q'!C82 -> 28 | G5: =SUM(B5:F5) -> 146
A6: >65 AND <74 | B6: ='CSE-M'!C82 -> 21 | C6: ='CSE-N'!C81 -> 14 | D6: ='CSE-O'!C80 -> 16 | E6: ='CSE-P'!C84 -> 25 | F6: ='CSE-Q'!C83 -> 18 | G6: =SUM(B6:F6) -> 94
A7: >50 AND <64 | B7: ='CSE-M'!C83 -> 21 | C7: ='CSE-N'!C82 -> 20 | D7: ='CSE-O'!C81 -> 10 | E7: ='CSE-P'!C85 -> 4 | F7: ='CSE-Q'!C84 -> 17 | G7: =SUM(B7:F7) -> 72
A8: >25 AND <49 | B8: ='CSE-M'!C84 -> 2 | C8: ='CSE-N'!C83 -> 8 | D8: ='CSE-O'!C82 -> 18 | E8: ='CSE-P'!C86 -> 4 | F8: ='CSE-Q'!C85 -> 10 | G8: =SUM(B8:F8) -> 42
A9: >1 AND <24 | B9: ='CSE-M'!C85 -> 0 | C9: ='CSE-N'!C84 -> 1 | D9: ='CSE-O'!C83 -> 1 | E9: ='CSE-P'!C87 -> 5 | F9: ='CSE-Q'!C86 -> 1 | G9: =SUM(B9:F9) -> 8
A10: =0 -> 0 | B10: ='CSE-M'!C86 -> 0 | C10: ='CSE-N'!C85 -> 0 | D10: ='CSE-O'!C84 -> 3 | E10: ='CSE-P'!C88 -> 0 | F10: ='CSE-Q'!C87 -> 0 | G10: =SUM(B10:F10) -> 3
B11: =SUM(B5:B10) -> 73 | C11: =SUM(C5:C10) -> 72 | D11: =SUM(D5:D10) -> 71 | E11: =SUM(E5:E10) -> 75 | F11: =SUM(F5:F10) -> 74 | G11: =SUM(B11:F11) -> 365
